pair_index,pair_name,source_slug,target_slug,method,L,K0,K1,n_runs,cost_squared,relative_cost_gap,transport_ms_mean,identity_color_sw2,identity_color_w2,color_sw2,color_w2,guided_color_sw2,guided_color_w2,delta_color_sw2_to_mw2,delta_color_w2_to_mw2,delta_guided_color_sw2_to_mw2,delta_guided_color_w2_to_mw2,delta_color_w2_to_identity
0,pair_00_market-in-algiers__argenteuil-the-seine,market-in-algiers,argenteuil-the-seine,MW2,0,50,50,1,0.14869866172850665,0.0,1745.5741170001602,0.20121691434747294,0.398939656922493,0.011787200349207737,0.05987820690212374,0.02779531766260477,0.07792135794398436,0.0,0.0,0.0,0.0,-0.33906145002036925
0,pair_00_market-in-algiers__argenteuil-the-seine,market-in-algiers,argenteuil-the-seine,LSOT-Mix,100,50,50,1,0.3902182533696468,1.624221689917462,5.1219830002082745,0.20121691434747294,0.398939656922493,0.13482842290219177,0.2258101447101387,0.1524417843805867,0.2517690103708596,0.12304122255298403,0.16593193780801496,0.12464646671798194,0.17384765242687522,-0.17312951221235431
0,pair_00_market-in-algiers__argenteuil-the-seine,market-in-algiers,argenteuil-the-seine,LSOT-SMix,100,50,50,1,0.36330263745530095,1.4432139014042862,5.140449999998964,0.20121691434747294,0.398939656922493,0.13089548216059183,0.2209243808156149,0.14260284711486942,0.2349480414319299,0.11910828181138408,0.1610461739134912,0.11480752945226466,0.15702668348794555,-0.1780152761068781
0,pair_00_market-in-algiers__argenteuil-the-seine,market-in-algiers,argenteuil-the-seine,LSOT-B,100,50,50,1,0.25773916941511876,0.7332985140491565,12.190247000035015,0.20121691434747294,0.398939656922493,0.07564249713653526,0.13357579856103247,0.08307325102153613,0.14585186090102795,0.06385529678732751,0.07369759165890873,0.055277933358931365,0.06793050295704359,-0.26536385836146054
0,pair_00_market-in-algiers__argenteuil-the-seine,market-in-algiers,argenteuil-the-seine,LSOT-B1D,100,50,50,1,0.2772265283934498,0.8643511997411836,5.33892100020239,0.20121691434747294,0.398939656922493,0.08742306075359554,0.1508748647018646,0.0941474341439387,0.16132998190158127,0.0756358604043878,0.09099665779974085,0.06635211648133393,0.0834086239575969,-0.2480647922206284
0,pair_00_market-in-algiers__argenteuil-the-seine,market-in-algiers,argenteuil-the-seine,min-LSOT-Mix,100,50,50,1,0.20236634850911997,0.36091573492839857,5.241598999873531,0.20121691434747294,0.398939656922493,0.021835510846031,0.06736832806923138,0.04446987043956308,0.09601154537715388,0.010048310496823264,0.007490121167107636,0.016674552776958312,0.01809018743316952,-0.3315713288532616
0,pair_00_market-in-algiers__argenteuil-the-seine,market-in-algiers,argenteuil-the-seine,min-LSOT-SMix,100,50,50,1,0.19826049302583157,0.3333038153888344,5.436714000097709,0.20121691434747294,0.398939656922493,0.01898556801193666,0.06466199448471,0.03761741437741833,0.08734194533115744,0.0071983676627289245,0.004783787582586255,0.009822096714813558,0.00942058738717308,-0.334277662437783
0,pair_00_market-in-algiers__argenteuil-the-seine,market-in-algiers,argenteuil-the-seine,min-LSOT-B,100,50,50,1,0.17211786130477183,0.15749435337235143,12.265879000096902,0.20121691434747294,0.398939656922493,0.015746084762299974,0.06372361824014687,0.03167947917670584,0.08150112239801886,0.003958884413092237,0.0038454113380231303,0.0038841615141010713,0.0035797644540345036,-0.3352160386823461
0,pair_00_market-in-algiers__argenteuil-the-seine,market-in-algiers,argenteuil-the-seine,min-LSOT-B1D,100,50,50,1,0.17771722388692848,0.19515012321633257,5.110947000048327,0.20121691434747294,0.398939656922493,0.01948009781129059,0.06730289584438118,0.03361374932847619,0.08682695882801644,0.007692897462082852,0.0074246889422574375,0.005818431665871419,0.008905600884032083,-0.3316367610781118
0,pair_00_market-in-algiers__argenteuil-the-seine,market-in-algiers,argenteuil-the-seine,min-opt-LSOT-Mix,100,50,50,1,0.19152247164452035,0.28799055363525206,34.04805899981511,0.20121691434747294,0.398939656922493,0.020889743511243872,0.0681301506520717,0.03781851042173385,0.08842382516028156,0.009102543162036136,0.008251943749947963,0.01002319275912908,0.010502467216297204,-0.33080950627042127
0,pair_00_market-in-algiers__argenteuil-the-seine,market-in-algiers,argenteuil-the-seine,min-opt-LSOT-SMix,100,50,50,1,0.1795064407422985,0.20718262461595344,31.956373999946663,0.20121691434747294,0.398939656922493,0.01845589004185559,0.06630490606555739,0.034274938556618534,0.08675146805787386,0.006668689692647854,0.0064266991634336496,0.006479620894013764,0.008830110113889497,-0.3326347508569356
0,pair_00_market-in-algiers__argenteuil-the-seine,market-in-algiers,argenteuil-the-seine,min-opt-LSOT-B,100,50,50,1,0.17053338264294507,0.1468387183894375,57.48301900030128,0.20121691434747294,0.398939656922493,0.016513988227305144,0.06619607610698106,0.03223551776668369,0.08250842772727086,0.004726787878097407,0.006317869204857315,0.004440200104078917,0.004587069783286504,-0.3327435808155119
0,pair_00_market-in-algiers__argenteuil-the-seine,market-in-algiers,argenteuil-the-seine,min-opt-LSOT-B1D,100,50,50,1,0.17029805664368272,0.1452561486707402,31.11403999992035,0.20121691434747294,0.398939656922493,0.01590003847148371,0.06187015095764306,0.030993514349234124,0.08159080858028539,0.004112838122275975,0.0019919440555193207,0.0031981966866293544,0.0036694506363010304,-0.33706950596484997
1,pair_01_distant-view-of-the-pyramids-1921__october-sundown-newport-1901,distant-view-of-the-pyramids-1921,october-sundown-newport-1901,MW2,0,50,50,1,0.08235087759164278,0.0,1723.0203739995886,0.165257421092056,0.2811279851953144,0.011449087047412466,0.058374279246256704,0.023264134359042538,0.07080262053181371,0.0,0.0,0.0,0.0,-0.2227537059490577
1,pair_01_distant-view-of-the-pyramids-1921__october-sundown-newport-1901,distant-view-of-the-pyramids-1921,october-sundown-newport-1901,LSOT-Mix,100,50,50,1,0.19758848288905095,1.3993488432368915,5.080563999854348,0.165257421092056,0.2811279851953144,0.14035097155190837,0.23767687567315235,0.1467605644807826,0.2484671998161423,0.1289018845044959,0.17930259642689564,0.12349643012174005,0.17766457928432858,-0.04345110952216205
1,pair_01_distant-view-of-the-pyramids-1921__october-sundown-newport-1901,distant-view-of-the-pyramids-1921,october-sundown-newport-1901,LSOT-SMix,100,50,50,1,0.1863363885066839,1.262712844794187,5.300385999817081,0.165257421092056,0.2811279851953144,0.1291139145214159,0.21918801293337084,0.13321882389314552,0.22431643695039435,0.11766482747400345,0.16081373368711413,0.10995468953410298,0.15351381641858064,-0.06193997226194356
1,pair_01_distant-view-of-the-pyramids-1921__october-sundown-newport-1901,distant-view-of-the-pyramids-1921,october-sundown-newport-1901,LSOT-B,100,50,50,1,0.1296555434934551,0.5744281941521524,14.040722000117967,0.165257421092056,0.2811279851953144,0.06918997267070082,0.12846756521023525,0.07230626379947946,0.12921578587428417,0.05774088562328835,0.07009328596397854,0.04904212944043693,0.05841316534247046,-0.15266041998507915
1,pair_01_distant-view-of-the-pyramids-1921__october-sundown-newport-1901,distant-view-of-the-pyramids-1921,october-sundown-newport-1901,LSOT-B1D,100,50,50,1,0.13474741062243478,0.636259558648703,4.841131999910431,0.165257421092056,0.2811279851953144,0.07444241428943651,0.13558621525001952,0.07761084655403107,0.13617883754855428,0.06299332724202406,0.0772119360037628,0.05434671219498853,0.06537621701674057,-0.14554176994529489
1,pair_01_distant-view-of-the-pyramids-1921__october-sundown-newport-1901,distant-view-of-the-pyramids-1921,october-sundown-newport-1901,min-LSOT-Mix,100,50,50,1,0.1070848081181618,0.30034811103250586,5.39396400017722,0.165257421092056,0.2811279851953144,0.034472670241980446,0.08858872905593053,0.047824340875783695,0.10484477417390535,0.02302358319456798,0.030214449809673825,0.024560206516741158,0.034042153642091635,-0.19253925613938389
1,pair_01_distant-view-of-the-pyramids-1921__october-sundown-newport-1901,distant-view-of-the-pyramids-1921,october-sundown-newport-1901,min-LSOT-SMix,100,50,50,1,0.09824521060515971,0.19300745150929563,4.9523259999659786,0.165257421092056,0.2811279851953144,0.030041354488669347,0.08823706036076039,0.03911988645716934,0.09186380221662284,0.01859226744125688,0.029862781114503682,0.0158557520981268,0.021061181684809124,-0.192890924834554
1,pair_01_distant-view-of-the-pyramids-1921__october-sundown-newport-1901,distant-view-of-the-pyramids-1921,october-sundown-newport-1901,min-LSOT-B,100,50,50,1,0.09598996405200794,0.16562162856354665,14.943315999971674,0.165257421092056,0.2811279851953144,0.030087878133333783,0.08685013238167967,0.03988460882366623,0.09550472314758887,0.018638791085921317,0.028475853135422967,0.01662047446462369,0.024702102615775157,-0.19427785281363474
1,pair_01_distant-view-of-the-pyramids-1921__october-sundown-newport-1901,distant-view-of-the-pyramids-1921,october-sundown-newport-1901,min-LSOT-B1D,100,50,50,1,0.09680581623339979,0.17552865330027692,5.26618599997164,0.165257421092056,0.2811279851953144,0.02953285712521861,0.0808361530335863,0.04318505382973137,0.09830524683766152,0.018083770077806142,0.02246187378732959,0.01992091947068883,0.027502626305847808,-0.2002918321617281
1,pair_01_distant-view-of-the-pyramids-1921__october-sundown-newport-1901,distant-view-of-the-pyramids-1921,october-sundown-newport-1901,min-opt-LSOT-Mix,100,50,50,1,0.0953474718842818,0.15781974245721891,42.11285499968653,0.165257421092056,0.2811279851953144,0.030078041394152683,0.08300298695327055,0.03913950757092991,0.09292827333389722,0.018628954346740216,0.024628707707013843,0.015875373211887374,0.022125652802083506,-0.19812499824204385
1,pair_01_distant-view-of-the-pyramids-1921__october-sundown-newport-1901,distant-view-of-the-pyramids-1921,october-sundown-newport-1901,min-opt-LSOT-SMix,100,50,50,1,0.0945763190766457,0.14845550943155453,30.156635999901482,0.165257421092056,0.2811279851953144,0.02955629537275107,0.08446912361395725,0.038180906375127825,0.090911641487039,0.018107208325338603,0.02609484436770055,0.014916772016085288,0.02010902095522528,-0.19665886158135715
1,pair_01_distant-view-of-the-pyramids-1921__october-sundown-newport-1901,distant-view-of-the-pyramids-1921,october-sundown-newport-1901,min-opt-LSOT-B,100,50,50,1,0.09395000931197987,0.14085012885781573,50.35373900000195,0.165257421092056,0.2811279851953144,0.027858144530598386,0.08281376728795702,0.036951964019875945,0.08986759195488438,0.01640905748318592,0.024439488041700312,0.013687829660833407,0.019064971423070662,-0.19831421790735737
1,pair_01_distant-view-of-the-pyramids-1921__october-sundown-newport-1901,distant-view-of-the-pyramids-1921,october-sundown-newport-1901,min-opt-LSOT-B1D,100,50,50,1,0.09359138998625226,0.13649535649575398,31.106108000130916,0.165257421092056,0.2811279851953144,0.029659607811484884,0.07910918190818676,0.03952256189578839,0.09124299287475784,0.018210520764072417,0.02073490266193006,0.016258427536745855,0.02044037234294413,-0.20201880328712762
2,pair_02_fuji-mountains-in-clear-weather-1831__distant-view-of-the-pyramids-1921,fuji-mountains-in-clear-weather-1831,distant-view-of-the-pyramids-1921,MW2,0,50,50,1,0.2578280016468468,0.0,59.867367999686394,0.286308357541241,0.509639573339406,0.01766771164288817,0.06018670669807362,0.04017415004684646,0.08148007333838085,0.0,0.0,0.0,0.0,-0.4494528666413324
2,pair_02_fuji-mountains-in-clear-weather-1831__distant-view-of-the-pyramids-1921,fuji-mountains-in-clear-weather-1831,distant-view-of-the-pyramids-1921,LSOT-Mix,100,50,50,1,0.41585465359459983,0.6129150089919476,6.16024800001469,0.286308357541241,0.509639573339406,0.11572930551897657,0.18529652076949785,0.1330449766076036,0.20770191116068992,0.0980615938760884,0.12510981407142424,0.09287082656075712,0.12622183782230906,-0.32434305256990814
2,pair_02_fuji-mountains-in-clear-weather-1831__distant-view-of-the-pyramids-1921,fuji-mountains-in-clear-weather-1831,distant-view-of-the-pyramids-1921,LSOT-SMix,100,50,50,1,0.39243782389044574,0.5220915547721507,5.273791000035999,0.286308357541241,0.509639573339406,0.11005976964799481,0.17395485191569426,0.12437651430658542,0.1925725730551033,0.09239205800510664,0.11376814521762064,0.08420236425973895,0.11109249971672246,-0.33568472142371175
2,pair_02_fuji-mountains-in-clear-weather-1831__distant-view-of-the-pyramids-1921,fuji-mountains-in-clear-weather-1831,distant-view-of-the-pyramids-1921,LSOT-B,100,50,50,1,0.3185978573117664,0.23569920752113446,15.907605000393232,0.286308357541241,0.509639573339406,0.06851023011769686,0.10650040637392548,0.0792110021952995,0.12221909345236796,0.05084251847480869,0.04631369967585186,0.03903685214845304,0.04073902011398711,-0.4031391669654805
2,pair_02_fuji-mountains-in-clear-weather-1831__distant-view-of-the-pyramids-1921,fuji-mountains-in-clear-weather-1831,distant-view-of-the-pyramids-1921,LSOT-B1D,100,50,50,1,0.32622100480883626,0.2652660018506018,6.3139789999695495,0.286308357541241,0.509639573339406,0.07473574937963602,0.11599193219867789,0.08463825405159373,0.1304300051730932,0.05706803773674785,0.055805225500604266,0.04446410400474726,0.04894993183471234,-0.39364764114072814
2,pair_02_fuji-mountains-in-clear-weather-1831__distant-view-of-the-pyramids-1921,fuji-mountains-in-clear-weather-1831,distant-view-of-the-pyramids-1921,min-LSOT-Mix,100,50,50,1,0.3157410156923949,0.22461879111514385,6.935580000117625,0.286308357541241,0.509639573339406,0.024651387671680656,0.06697783942314028,0.04311692876890585,0.07714169637697815,0.006983676028792487,0.006791132725066665,0.0029427787220593846,-0.0043383769614026985,-0.44266173391626573
2,pair_02_fuji-mountains-in-clear-weather-1831__distant-view-of-the-pyramids-1921,fuji-mountains-in-clear-weather-1831,distant-view-of-the-pyramids-1921,min-LSOT-SMix,100,50,50,1,0.2891729515383335,0.12157310180148935,6.33261599978141,0.286308357541241,0.509639573339406,0.01866464299599939,0.06326888276060497,0.04268795257403974,0.06868052378944223,0.0009969313531112203,0.003082176062531347,0.0025138025271932776,-0.012799549548938624,-0.4463706905788011
2,pair_02_fuji-mountains-in-clear-weather-1831__distant-view-of-the-pyramids-1921,fuji-mountains-in-clear-weather-1831,distant-view-of-the-pyramids-1921,min-LSOT-B,100,50,50,1,0.2763308869928624,0.07176445237844808,14.480762999937724,0.286308357541241,0.509639573339406,0.017563479413136733,0.06330069274324993,0.039204123601804454,0.07340399893539096,-0.00010423222975143587,0.0031139860451763063,-0.000970026445042009,-0.008076074402989894,-0.4463388805961561
2,pair_02_fuji-mountains-in-clear-weather-1831__distant-view-of-the-pyramids-1921,fuji-mountains-in-clear-weather-1831,distant-view-of-the-pyramids-1921,min-LSOT-B1D,100,50,50,1,0.27737696193127276,0.07582171121662189,5.4525770001419005,0.286308357541241,0.509639573339406,0.01806990704991533,0.06344501966511534,0.03998579865598716,0.08249318094440462,0.00040219540702715953,0.003258312967041724,-0.00018835139085929958,0.001013107606023772,-0.4461945536742907
2,pair_02_fuji-mountains-in-clear-weather-1831__distant-view-of-the-pyramids-1921,fuji-mountains-in-clear-weather-1831,distant-view-of-the-pyramids-1921,min-opt-LSOT-Mix,100,50,50,1,0.27722139164958964,0.07521832337399258,35.13281499999721,0.286308357541241,0.509639573339406,0.017076026567831238,0.06309220986854189,0.038962994448086916,0.07094091180291237,-0.0005916850750569309,0.0029055031704682682,-0.0012111555987595474,-0.01053916153546848,-0.4465473634708641
2,pair_02_fuji-mountains-in-clear-weather-1831__distant-view-of-the-pyramids-1921,fuji-mountains-in-clear-weather-1831,distant-view-of-the-pyramids-1921,min-opt-LSOT-SMix,100,50,50,1,0.2771584255369678,0.07497410586379329,34.871563000251626,0.286308357541241,0.509639573339406,0.017104483440288164,0.06442856272001425,0.03841310025965599,0.07090647753674749,-0.0005632282026000052,0.004241856021940632,-0.0017610497871904732,-0.010573595801633362,-0.4452110106193918
2,pair_02_fuji-mountains-in-clear-weather-1831__distant-view-of-the-pyramids-1921,fuji-mountains-in-clear-weather-1831,distant-view-of-the-pyramids-1921,min-opt-LSOT-B,100,50,50,1,0.2747739729964459,0.06572587632591738,54.99372099984612,0.286308357541241,0.509639573339406,0.01752086563919149,0.06097779289094596,0.03960984369220878,0.0750080154195411,-0.00014684600369667747,0.0007910861928723395,-0.0005643063546376809,-0.0064720579188397576,-0.44866178044846006
2,pair_02_fuji-mountains-in-clear-weather-1831__distant-view-of-the-pyramids-1921,fuji-mountains-in-clear-weather-1831,distant-view-of-the-pyramids-1921,min-opt-LSOT-B1D,100,50,50,1,0.27525333854781675,0.06758512182411368,31.46596500027954,0.286308357541241,0.509639573339406,0.016298540001979007,0.05955853413703946,0.03914148462813709,0.08033693594912347,-0.0013691716409091614,-0.0006281725610341599,-0.0010326654187093748,-0.0011431373892573787,-0.45008103920236653
3,pair_03_breakup-of-ice__senecio-1922,breakup-of-ice,senecio-1922,MW2,0,50,50,1,0.16628078842672472,0.0,46.25677300009556,0.22373687182562407,0.3962009614393231,0.014691056535080462,0.05476658589509666,0.03650335797551461,0.0789172921113601,0.0,0.0,0.0,0.0,-0.34143437554422645
3,pair_03_breakup-of-ice__senecio-1922,breakup-of-ice,senecio-1922,LSOT-Mix,100,50,50,1,0.2796397935568067,0.6817324250301837,5.011190999994142,0.22373687182562407,0.3962009614393231,0.1831768128001073,0.3178021040128499,0.18893907578263947,0.3274843723129393,0.16848575626502685,0.2630355181177533,0.15243571780712487,0.2485670802015792,-0.07839885742647318
3,pair_03_breakup-of-ice__senecio-1922,breakup-of-ice,senecio-1922,LSOT-SMix,100,50,50,1,0.27405450990027436,0.6481429544161831,5.322407000221574,0.22373687182562407,0.3962009614393231,0.17718586241200682,0.3060994843329323,0.18266423653758027,0.316566113695498,0.16249480587692636,0.2513328984378357,0.14616087856206567,0.23764882158413786,-0.09010147710639077
3,pair_03_breakup-of-ice__senecio-1922,breakup-of-ice,senecio-1922,LSOT-B,100,50,50,1,0.2026051651168351,0.21845203546239805,12.621288999980607,0.22373687182562407,0.3962009614393231,0.06767180380580051,0.11792973335228979,0.07789519086054238,0.1375193842217585,0.05298074727072005,0.06316314745719312,0.04139183288502777,0.05860209211039839,-0.2782712280870333
3,pair_03_breakup-of-ice__senecio-1922,breakup-of-ice,senecio-1922,LSOT-B1D,100,50,50,1,0.21189604384811134,0.2743266726900803,5.774709999968763,0.22373687182562407,0.3962009614393231,0.08154699909247579,0.13925223937770304,0.09026642934647106,0.15704372986117018,0.06685594255739533,0.08448565348260637,0.05376307137095645,0.07812643774981008,-0.25694872206162006
3,pair_03_breakup-of-ice__senecio-1922,breakup-of-ice,senecio-1922,min-LSOT-Mix,100,50,50,1,0.18521689068861566,0.11388027709668663,5.491154000083043,0.22373687182562407,0.3962009614393231,0.030612701811570206,0.07982490818276834,0.045140722492221785,0.09034759403815831,0.015921645276489746,0.02505832228767168,0.008637364516707179,0.011430301926798211,-0.31637605325655477
3,pair_03_breakup-of-ice__senecio-1922,breakup-of-ice,senecio-1922,min-LSOT-SMix,100,50,50,1,0.17513610951120076,0.05325522670574976,5.527177000203665,0.22373687182562407,0.3962009614393231,0.026092324877280023,0.07791512568880163,0.0444938453326889,0.08803202516266628,0.011401268342199561,0.023148539793704966,0.007990487357174295,0.009114733051306181,-0.3182858357505215
3,pair_03_breakup-of-ice__senecio-1922,breakup-of-ice,senecio-1922,min-LSOT-B,100,50,50,1,0.16849333125577018,0.013306064097840508,12.74451900007989,0.22373687182562407,0.3962009614393231,0.01729826648647038,0.060844069887584375,0.0381104352525782,0.08211854710737548,0.002607209951389919,0.006077483992487712,0.0016070772770635927,0.003201254996015382,-0.3353568915517387
3,pair_03_breakup-of-ice__senecio-1922,breakup-of-ice,senecio-1922,min-LSOT-B1D,100,50,50,1,0.16874288330138545,0.014806851097808613,6.05724300021393,0.22373687182562407,0.3962009614393231,0.01933505173015349,0.06618069182650921,0.0398178779358592,0.08425608544099975,0.004643995195073027,0.011414105931412545,0.0033145199603445905,0.005338793329639643,-0.3300202696128139
3,pair_03_breakup-of-ice__senecio-1922,breakup-of-ice,senecio-1922,min-opt-LSOT-Mix,100,50,50,1,0.16883506029828674,0.015361196538273631,37.37677899971459,0.22373687182562407,0.3962009614393231,0.01928819714537578,0.06892790254792522,0.04178203733726606,0.08584177984734047,0.004597140610295319,0.014161316652828555,0.005278679361751457,0.006924487735980367,-0.3272730588913979
3,pair_03_breakup-of-ice__senecio-1922,breakup-of-ice,senecio-1922,min-opt-LSOT-SMix,100,50,50,1,0.16871187592362305,0.014620375089029834,30.00119900025311,0.22373687182562407,0.3962009614393231,0.021863975709184105,0.07229051862201712,0.04211150444053512,0.0871672449977824,0.007172919174103643,0.017523932726920453,0.0056081464650205165,0.008249952886422302,-0.32391044281730597
3,pair_03_breakup-of-ice__senecio-1922,breakup-of-ice,senecio-1922,min-opt-LSOT-B,100,50,50,1,0.16811326277535957,0.011020361197303102,56.19076999983008,0.22373687182562407,0.3962009614393231,0.016718948243205578,0.06015380980504901,0.03790159107268935,0.08235609415973152,0.0020278917081251163,0.005387223909952346,0.0013982330971747461,0.0034388020483714227,-0.33604715163427407
3,pair_03_breakup-of-ice__senecio-1922,breakup-of-ice,senecio-1922,min-opt-LSOT-B1D,100,50,50,1,0.1683523567354013,0.012458254066972157,34.08769599991501,0.22373687182562407,0.3962009614393231,0.016973541584533364,0.0625161736561578,0.03806480290382479,0.08244730148350167,0.0022824850494529026,0.00774958776106114,0.0015614449283101808,0.003530009372141568,-0.3336847877831653
4,pair_04_distant-view-of-the-pyramids-1921__charing-cross-bridge-overcast-weather,distant-view-of-the-pyramids-1921,charing-cross-bridge-overcast-weather,MW2,0,50,50,1,0.269528930634621,0.0,41.789452000102756,0.28413088937152875,0.5281015354435101,0.011005618557099183,0.04090754974201023,0.013261434131642675,0.04342353142251807,0.0,0.0,0.0,0.0,-0.4871939857014999
4,pair_04_distant-view-of-the-pyramids-1921__charing-cross-bridge-overcast-weather,distant-view-of-the-pyramids-1921,charing-cross-bridge-overcast-weather,LSOT-Mix,100,50,50,1,0.32947938773866303,0.22242679835105378,5.473819999679108,0.28413088937152875,0.5281015354435101,0.0702039320429168,0.1012414891398334,0.07490822406267816,0.10973656975631063,0.059198313485817625,0.060333939397823166,0.06164678993103549,0.06631303833379257,-0.42686004630367674
4,pair_04_distant-view-of-the-pyramids-1921__charing-cross-bridge-overcast-weather,distant-view-of-the-pyramids-1921,charing-cross-bridge-overcast-weather,LSOT-SMix,100,50,50,1,0.3226073247912038,0.1969302294622203,5.51964800024507,0.28413088937152875,0.5281015354435101,0.06368138225625794,0.09288104353301849,0.06769620793219568,0.09964544816730107,0.05267576369915876,0.051973493791008255,0.054434773800553005,0.056221916744783,-0.4352204919104916
4,pair_04_distant-view-of-the-pyramids-1921__charing-cross-bridge-overcast-weather,distant-view-of-the-pyramids-1921,charing-cross-bridge-overcast-weather,LSOT-B,100,50,50,1,0.29535428222785554,0.0958166217349183,12.302327000270452,0.28413088937152875,0.5281015354435101,0.03779598459259503,0.05787358136366917,0.0386077814234305,0.0580041127389537,0.026790366035495852,0.01696603162165894,0.025346347291787825,0.01458058131643563,-0.47022795407984097
4,pair_04_distant-view-of-the-pyramids-1921__charing-cross-bridge-overcast-weather,distant-view-of-the-pyramids-1921,charing-cross-bridge-overcast-weather,LSOT-B1D,100,50,50,1,0.29938614601909513,0.11077554945279387,5.725888999677409,0.28413088937152875,0.5281015354435101,0.04212510477518065,0.06339363705321846,0.043137125832697895,0.06358630861038471,0.03111948621808147,0.022486087311208228,0.02987569170105522,0.02016277718786664,-0.4647078983902917
4,pair_04_distant-view-of-the-pyramids-1921__charing-cross-bridge-overcast-weather,distant-view-of-the-pyramids-1921,charing-cross-bridge-overcast-weather,min-LSOT-Mix,100,50,50,1,0.2798120241123793,0.03815209541159896,5.1636759999382775,0.28413088937152875,0.5281015354435101,0.016647404751623397,0.0546800639049793,0.022051835518726068,0.05852414039101431,0.005641786194524214,0.013772514162969068,0.008790401387083393,0.015100608968496236,-0.4734214715385308
4,pair_04_distant-view-of-the-pyramids-1921__charing-cross-bridge-overcast-weather,distant-view-of-the-pyramids-1921,charing-cross-bridge-overcast-weather,min-LSOT-SMix,100,50,50,1,0.27786547140190954,0.03093004059957371,5.185748000258172,0.28413088937152875,0.5281015354435101,0.01615027916821932,0.051311669648547956,0.01998724115566937,0.05509741870850689,0.005144660611120138,0.010404119906537723,0.006725807024026694,0.011673887285988817,-0.4767898657949622
4,pair_04_distant-view-of-the-pyramids-1921__charing-cross-bridge-overcast-weather,distant-view-of-the-pyramids-1921,charing-cross-bridge-overcast-weather,min-LSOT-B,100,50,50,1,0.2750654702951929,0.02054154130146915,14.834334999704879,0.28413088937152875,0.5281015354435101,0.015288302283989703,0.05078011383231566,0.01829083252852027,0.05200308981510376,0.004282683726890521,0.00987256409030543,0.005029398396877594,0.008579558392585687,-0.47732142161119445
4,pair_04_distant-view-of-the-pyramids-1921__charing-cross-bridge-overcast-weather,distant-view-of-the-pyramids-1921,charing-cross-bridge-overcast-weather,min-LSOT-B1D,100,50,50,1,0.2751878885575135,0.020995734704872572,5.3366289998848515,0.28413088937152875,0.5281015354435101,0.01578422730047828,0.050794315147744205,0.018413552278228957,0.051716324719820156,0.004778608743379096,0.009886765405733973,0.005152118146586282,0.008292793297302085,-0.47730722029576594
4,pair_04_distant-view-of-the-pyramids-1921__charing-cross-bridge-overcast-weather,distant-view-of-the-pyramids-1921,charing-cross-bridge-overcast-weather,min-opt-LSOT-Mix,100,50,50,1,0.27472337477230774,0.019272306410507044,32.899422999889794,0.28413088937152875,0.5281015354435101,0.015073617285965934,0.05017560395832844,0.017838174651386988,0.051093725595528675,0.004067998728866751,0.009268054216318204,0.004576740519744313,0.007670194173010604,-0.4779259314851817
4,pair_04_distant-view-of-the-pyramids-1921__charing-cross-bridge-overcast-weather,distant-view-of-the-pyramids-1921,charing-cross-bridge-overcast-weather,min-opt-LSOT-SMix,100,50,50,1,0.27556534470530125,0.022396163767901104,35.0177979998989,0.28413088937152875,0.5281015354435101,0.016062616828801994,0.05180915405569922,0.018183302621287593,0.051231768002746106,0.005056998271702811,0.010901604313688987,0.004921868489644918,0.007808236580228035,-0.47629238138781094
4,pair_04_distant-view-of-the-pyramids-1921__charing-cross-bridge-overcast-weather,distant-view-of-the-pyramids-1921,charing-cross-bridge-overcast-weather,min-opt-LSOT-B,100,50,50,1,0.27403544514528055,0.01671996583093581,49.6576170003209,0.28413088937152875,0.5281015354435101,0.015170928749686577,0.04930702722870971,0.01709245376826433,0.048120215458422544,0.004165310192587394,0.008399477486699475,0.003831019636621656,0.004696684035904473,-0.4787945082148004
4,pair_04_distant-view-of-the-pyramids-1921__charing-cross-bridge-overcast-weather,distant-view-of-the-pyramids-1921,charing-cross-bridge-overcast-weather,min-opt-LSOT-B1D,100,50,50,1,0.2745551115183428,0.01864801998022004,32.47708899971258,0.28413088937152875,0.5281015354435101,0.015391943183943461,0.050403698439056774,0.0177193244106832,0.05057566617608249,0.004386324626844278,0.009496148697046541,0.004457890279040526,0.007152134753564417,-0.47769783700445334
5,pair_05_haystacks-at-giverny__argenteuil,haystacks-at-giverny,argenteuil,MW2,0,50,50,1,0.19646412955513598,0.0,1610.8838340001057,0.24639504440390145,0.41593397228438694,0.013016473570954014,0.04881350139623888,0.034930661092666994,0.07150870215268164,0.0,0.0,0.0,0.0,-0.3671204708881481
5,pair_05_haystacks-at-giverny__argenteuil,haystacks-at-giverny,argenteuil,LSOT-Mix,100,50,50,1,0.346391898959135,0.7631304999212241,6.332083999950555,0.24639504440390145,0.41593397228438694,0.12177617727141823,0.19278549167714804,0.13461037146029745,0.20891564687577518,0.10875970370046423,0.14397199028090915,0.09967971036763046,0.13740694472309356,-0.2231484806072389
5,pair_05_haystacks-at-giverny__argenteuil,haystacks-at-giverny,argenteuil,LSOT-SMix,100,50,50,1,0.3178216890275824,0.6177084832088315,5.005139999866515,0.24639504440390145,0.41593397228438694,0.10502552006914975,0.168553598760128,0.11734347410524502,0.18333459760248405,0.09200904649819575,0.1197400973638891,0.08241281301257802,0.11182589544980241,-0.24738037352425896
5,pair_05_haystacks-at-giverny__argenteuil,haystacks-at-giverny,argenteuil,LSOT-B,100,50,50,1,0.2538009985344591,0.2918439570070831,12.19379799977105,0.24639504440390145,0.41593397228438694,0.05758785071184713,0.09483736433332135,0.07003804572514563,0.1131503039410359,0.04457137714089312,0.04602386293708247,0.03510738463247864,0.04164160178835426,-0.3210966079510656
5,pair_05_haystacks-at-giverny__argenteuil,haystacks-at-giverny,argenteuil,LSOT-B1D,100,50,50,1,0.26121948126112077,0.32960394272793575,5.041942999923776,0.24639504440390145,0.41593397228438694,0.06486807715274041,0.1030488220334033,0.07569541412111302,0.12014274389509327,0.0518516035817864,0.05423532063716443,0.04076475302844603,0.048634041742411635,-0.3128851502509836
5,pair_05_haystacks-at-giverny__argenteuil,haystacks-at-giverny,argenteuil,min-LSOT-Mix,100,50,50,1,0.21769742043075013,0.1080771890710727,5.440606999854936,0.24639504440390145,0.41593397228438694,0.01543210606594601,0.04857114648029821,0.04169697264947548,0.07542554717331981,0.002415632494991996,-0.00024235491594066377,0.006766311556808485,0.003916845020638174,-0.36736282580408874
5,pair_05_haystacks-at-giverny__argenteuil,haystacks-at-giverny,argenteuil,min-LSOT-SMix,100,50,50,1,0.21007751213677656,0.06929194969313773,4.901767999854201,0.24639504440390145,0.41593397228438694,0.014592567511170678,0.05005430898337609,0.035277443584880816,0.06967565640888142,0.0015760939402166638,0.0012408075871372104,0.0003467824922138221,-0.0018330457438002212,-0.36587966330101085
5,pair_05_haystacks-at-giverny__argenteuil,haystacks-at-giverny,argenteuil,min-LSOT-B,100,50,50,1,0.20492069712064467,0.04304382476667543,12.304578999646765,0.24639504440390145,0.41593397228438694,0.013546253380344549,0.055039496387430546,0.03318316012811177,0.06889055053468823,0.0005297798093905348,0.006225994991191669,-0.0017475009645552264,-0.0026181516179934056,-0.3608944758969564
5,pair_05_haystacks-at-giverny__argenteuil,haystacks-at-giverny,argenteuil,min-LSOT-B1D,100,50,50,1,0.20516357916412187,0.044280091376906854,5.01736800015351,0.24639504440390145,0.41593397228438694,0.013834760387093373,0.05195353323154653,0.03420777328756447,0.06916095761731048,0.0008182868161393589,0.003140031835307651,-0.0007228878051025248,-0.002347744535371163,-0.3639804390528404
5,pair_05_haystacks-at-giverny__argenteuil,haystacks-at-giverny,argenteuil,min-opt-LSOT-Mix,100,50,50,1,0.20643858689279423,0.050769865014259556,35.13777800026219,0.24639504440390145,0.41593397228438694,0.01314884614227571,0.05109535515679768,0.03429043456320167,0.06779760947639324,0.00013237257132169694,0.002281853760558804,-0.0006402265294653264,-0.0037110926762883995,-0.36483861712758925
5,pair_05_haystacks-at-giverny__argenteuil,haystacks-at-giverny,argenteuil,min-opt-LSOT-SMix,100,50,50,1,0.20679844022510985,0.05260151404418908,31.988405999982206,0.24639504440390145,0.41593397228438694,0.014663744884173704,0.050294788687757754,0.035235350573833694,0.06937827959585784,0.0016472713132196903,0.0014812872915188763,0.0003046894811667006,-0.002130422556823802,-0.36563918359662917
5,pair_05_haystacks-at-giverny__argenteuil,haystacks-at-giverny,argenteuil,min-opt-LSOT-B,100,50,50,1,0.2038515773947569,0.03760201852800664,50.01656800004639,0.24639504440390145,0.41593397228438694,0.01359150172700739,0.056179466980541104,0.033117333534119865,0.0689515644850496,0.0005750281560533768,0.007365965584302227,-0.0018133275585471287,-0.002557137667632034,-0.35975450530384584
5,pair_05_haystacks-at-giverny__argenteuil,haystacks-at-giverny,argenteuil,min-opt-LSOT-B1D,100,50,50,1,0.20381497007107063,0.037415687701258984,30.10021999989476,0.24639504440390145,0.41593397228438694,0.013832824665712631,0.052096367302591345,0.03418440500977752,0.06948915713073123,0.0008163510947586175,0.003282865906352468,-0.0007462560828894738,-0.0020195450219504113,-0.3638376049817956
6,pair_06_houses-of-parliament__october-sundown-newport-1901,houses-of-parliament,october-sundown-newport-1901,MW2,0,50,50,1,0.043500330465324186,0.0,40.718289999858825,0.08275651968111443,0.19911542052799813,0.013460965325486797,0.05525301693426283,0.026396455210134267,0.08595393292955017,0.0,0.0,0.0,0.0,-0.1438624035937353
6,pair_06_houses-of-parliament__october-sundown-newport-1901,houses-of-parliament,october-sundown-newport-1901,LSOT-Mix,100,50,50,1,0.16961732559580944,2.899219242277206,4.982757000107085,0.08275651968111443,0.19911542052799813,0.14808669354450935,0.24722686471416633,0.1548719988549472,0.25853438361105646,0.13462572821902255,0.1919738477799035,0.12847554364481295,0.1725804506815063,0.048111444186168195
6,pair_06_houses-of-parliament__october-sundown-newport-1901,houses-of-parliament,october-sundown-newport-1901,LSOT-SMix,100,50,50,1,0.16113670389420526,2.704263902607674,5.23486599968237,0.08275651968111443,0.19911542052799813,0.1427066995752869,0.23908527116163827,0.14770642147895874,0.24810517851587358,0.1292457342498001,0.18383225422737545,0.12130996626882447,0.1621512455863234,0.03996985063364014
6,pair_06_houses-of-parliament__october-sundown-newport-1901,houses-of-parliament,october-sundown-newport-1901,LSOT-B,100,50,50,1,0.10237828377459439,1.3535058855749182,11.55854700027703,0.08275651968111443,0.19911542052799813,0.08682662306983698,0.16043861492748906,0.09032142905959688,0.1666199787034309,0.07336565774435018,0.10518559799322624,0.06392497384946261,0.08066604577388073,-0.03867680560050907
6,pair_06_houses-of-parliament__october-sundown-newport-1901,houses-of-parliament,october-sundown-newport-1901,LSOT-B1D,100,50,50,1,0.10829406421719753,1.4894998051456865,5.1326170000720595,0.08275651968111443,0.19911542052799813,0.09232713191772844,0.16640968054825503,0.09570504256801328,0.17350046954492204,0.07886616659224165,0.11115666361399221,0.06930858735787901,0.08754653661537187,-0.032705739979743104
6,pair_06_houses-of-parliament__october-sundown-newport-1901,houses-of-parliament,october-sundown-newport-1901,min-LSOT-Mix,100,50,50,1,0.05821378027573433,0.338237655967667,5.924736999986635,0.08275651968111443,0.19911542052799813,0.035575980587502595,0.08654521880492298,0.05206626385201456,0.12680050270210097,0.0221150152620158,0.031292201870660154,0.02566980864188029,0.0408465697725508,-0.11257020172307515
6,pair_06_houses-of-parliament__october-sundown-newport-1901,houses-of-parliament,october-sundown-newport-1901,min-LSOT-SMix,100,50,50,1,0.05843474497380103,0.34331726560977854,5.156250999789336,0.08275651968111443,0.19911542052799813,0.029532175653844788,0.07767427761389792,0.04233911554332628,0.11064281898107206,0.01607121032835799,0.02242126067963509,0.015942660333192017,0.02468888605152189,-0.12144114291410021
6,pair_06_houses-of-parliament__october-sundown-newport-1901,houses-of-parliament,october-sundown-newport-1901,min-LSOT-B,100,50,50,1,0.054396838711466416,0.2504925394722751,11.720560999947338,0.08275651968111443,0.19911542052799813,0.03216942753761014,0.08756360162413583,0.04519057873118513,0.11507360978116682,0.018708462212123342,0.032310584689873,0.01879412352105086,0.02911967685161665,-0.1115518189038623
6,pair_06_houses-of-parliament__october-sundown-newport-1901,houses-of-parliament,october-sundown-newport-1901,min-LSOT-B1D,100,50,50,1,0.05351946570633853,0.23032319832606768,4.83327099982489,0.08275651968111443,0.19911542052799813,0.03398651697944781,0.08702379096168451,0.04344254927785037,0.11211301311764399,0.020525551653961013,0.031770774027421685,0.017046094067716105,0.02615908018809382,-0.11209162956631362
6,pair_06_houses-of-parliament__october-sundown-newport-1901,houses-of-parliament,october-sundown-newport-1901,min-opt-LSOT-Mix,100,50,50,1,0.054521840516132854,0.25336612234691747,38.30749200005812,0.08275651968111443,0.19911542052799813,0.03030311476610888,0.07809243094785014,0.04663028968245566,0.11662086886794056,0.01684214944062208,0.022839414013587307,0.020233834472321393,0.030666935938390386,-0.121022989580148
6,pair_06_houses-of-parliament__october-sundown-newport-1901,houses-of-parliament,october-sundown-newport-1901,min-opt-LSOT-SMix,100,50,50,1,0.05251113890049466,0.20714344784928332,39.72952899994198,0.08275651968111443,0.19911542052799813,0.026765020283646856,0.07290789655763139,0.03787148651321899,0.1009586925366378,0.01330405495816006,0.017654879623368556,0.011475031303084724,0.015004759607087637,-0.12620752397036675
6,pair_06_houses-of-parliament__october-sundown-newport-1901,houses-of-parliament,october-sundown-newport-1901,min-opt-LSOT-B,100,50,50,1,0.05302045907166812,0.21885186858368358,67.12684200010699,0.08275651968111443,0.19911542052799813,0.03089219638356974,0.07543932592261106,0.04334665037943716,0.11089556285638358,0.01743123105808294,0.02018630898834823,0.016950195169302896,0.02494162992683341,-0.12367609460538707
6,pair_06_houses-of-parliament__october-sundown-newport-1901,houses-of-parliament,october-sundown-newport-1901,min-opt-LSOT-B1D,100,50,50,1,0.05319903879008157,0.22295711827956344,32.5222550000035,0.08275651968111443,0.19911542052799813,0.03201803064295539,0.0825555515952851,0.042376882989149725,0.11031123827362721,0.018557065317468598,0.027302534661022275,0.015980427779015458,0.02435730534407704,-0.11655986893271303
7,pair_07_landscape-with-house-at-ceret-1913__irises-in-monet-s-garden-03,landscape-with-house-at-ceret-1913,irises-in-monet-s-garden-03,MW2,0,50,50,1,0.06751017212909283,0.0,39.2427020001378,0.12421797516807845,0.2556471244311416,0.007185656364756368,0.06352583248053698,0.019403364533048754,0.07385252513644054,0.0,0.0,0.0,0.0,-0.19212129195060465
7,pair_07_landscape-with-house-at-ceret-1913__irises-in-monet-s-garden-03,landscape-with-house-at-ceret-1913,irises-in-monet-s-garden-03,LSOT-Mix,100,50,50,1,0.2043719502681559,2.0272763914355934,5.6160270000873425,0.12421797516807845,0.2556471244311416,0.10989014140845173,0.1896932567398696,0.11828266358040133,0.20003426952466188,0.10270448504369536,0.1261674242593326,0.09887929904735258,0.12618174438822133,-0.06595386769127204
7,pair_07_landscape-with-house-at-ceret-1913__irises-in-monet-s-garden-03,landscape-with-house-at-ceret-1913,irises-in-monet-s-garden-03,LSOT-SMix,100,50,50,1,0.19319911243295812,1.8617778082912178,5.532672999834176,0.12421797516807845,0.2556471244311416,0.10114595141457822,0.17458433961324527,0.10915299648424792,0.18612419083693213,0.09396029504982185,0.11105850713270829,0.08974963195119917,0.11227166570049159,-0.08106278481789636
7,pair_07_landscape-with-house-at-ceret-1913__irises-in-monet-s-garden-03,landscape-with-house-at-ceret-1913,irises-in-monet-s-garden-03,LSOT-B,100,50,50,1,0.12648975117540398,0.8736398854609719,11.50455900005909,0.12421797516807845,0.2556471244311416,0.048521840255930974,0.09576822244343497,0.05699342779881317,0.10737467204952765,0.041336183891174605,0.032242389962897994,0.03759006326576442,0.03352214691308711,-0.15987890198770666
7,pair_07_landscape-with-house-at-ceret-1913__irises-in-monet-s-garden-03,landscape-with-house-at-ceret-1913,irises-in-monet-s-garden-03,LSOT-B1D,100,50,50,1,0.13511742891915346,1.001438074558337,5.597187000148551,0.12421797516807845,0.2556471244311416,0.055735607204446404,0.10552992433433281,0.06374047511701483,0.11672863512918957,0.048549950839690034,0.04200409185379583,0.04433711058396608,0.04287610999274903,-0.15011720009680882
7,pair_07_landscape-with-house-at-ceret-1913__irises-in-monet-s-garden-03,landscape-with-house-at-ceret-1913,irises-in-monet-s-garden-03,min-LSOT-Mix,100,50,50,1,0.11249357047891234,0.6663203030174822,5.317106999882526,0.12421797516807845,0.2556471244311416,0.013449694195390294,0.06483760697276751,0.033383269872919244,0.08147446290338278,0.006264037830633926,0.0013117744922305358,0.01397990533987049,0.007621937766942241,-0.1908095174583741
7,pair_07_landscape-with-house-at-ceret-1913__irises-in-monet-s-garden-03,landscape-with-house-at-ceret-1913,irises-in-monet-s-garden-03,min-LSOT-SMix,100,50,50,1,0.10286707901286977,0.5237271031714678,5.365718000120978,0.12421797516807845,0.2556471244311416,0.012527830071357287,0.06158487514455423,0.029880353466161247,0.07907108070106275,0.005342173706600919,-0.0019409573359827487,0.010476988933112493,0.00521855556462221,-0.19406224928658738
7,pair_07_landscape-with-house-at-ceret-1913__irises-in-monet-s-garden-03,landscape-with-house-at-ceret-1913,irises-in-monet-s-garden-03,min-LSOT-B,100,50,50,1,0.08354068923984417,0.23745335858569316,11.97966500012626,0.12421797516807845,0.2556471244311416,0.011176383336391892,0.06780786161013411,0.022744753985767675,0.07420384869436238,0.003990726971635524,0.004282029129597131,0.0033413894527189215,0.00035132355792183434,-0.18783926282100752
7,pair_07_landscape-with-house-at-ceret-1913__irises-in-monet-s-garden-03,landscape-with-house-at-ceret-1913,irises-in-monet-s-garden-03,min-LSOT-B1D,100,50,50,1,0.08548879120169658,0.2663097797799282,5.8202939999318914,0.12421797516807845,0.2556471244311416,0.011113738597904141,0.06886418615005228,0.02250984930867682,0.077286100247589,0.003928082233147773,0.005338353669515308,0.003106484775628065,0.0034335751111484597,-0.18678293828108933
7,pair_07_landscape-with-house-at-ceret-1913__irises-in-monet-s-garden-03,landscape-with-house-at-ceret-1913,irises-in-monet-s-garden-03,min-opt-LSOT-Mix,100,50,50,1,0.08519372228272777,0.2619390470493912,34.70053099999859,0.12421797516807845,0.2556471244311416,0.011548297406971417,0.0658140462826506,0.024140420023415453,0.0732042266145312,0.00436264104221505,0.002288213802113623,0.004737055490366699,-0.0006482985219093407,-0.18983307814849104
7,pair_07_landscape-with-house-at-ceret-1913__irises-in-monet-s-garden-03,landscape-with-house-at-ceret-1913,irises-in-monet-s-garden-03,min-opt-LSOT-SMix,100,50,50,1,0.08905364819711085,0.31911451842875815,31.272559999706573,0.12421797516807845,0.2556471244311416,0.012527538453413995,0.06514360588308445,0.024548960486093115,0.07407570228032646,0.005341882088657627,0.0016177734025474705,0.0051455959530443615,0.00022317714388592202,-0.1905035185480572
7,pair_07_landscape-with-house-at-ceret-1913__irises-in-monet-s-garden-03,landscape-with-house-at-ceret-1913,irises-in-monet-s-garden-03,min-opt-LSOT-B,100,50,50,1,0.08354068923984417,0.23745335858569316,50.13574700024037,0.12421797516807845,0.2556471244311416,0.011176383336391892,0.06780786161013411,0.022744753985767675,0.07420384869436238,0.003990726971635524,0.004282029129597131,0.0033413894527189215,0.00035132355792183434,-0.18783926282100752
7,pair_07_landscape-with-house-at-ceret-1913__irises-in-monet-s-garden-03,landscape-with-house-at-ceret-1913,irises-in-monet-s-garden-03,min-opt-LSOT-B1D,100,50,50,1,0.0834588057489589,0.2362404526145946,29.439586000080453,0.12421797516807845,0.2556471244311416,0.01155537110487606,0.06947789463102025,0.021832854139786997,0.07697373163663307,0.0043697147401196915,0.005952062150483273,0.002429489606738243,0.0031212065001925277,-0.18616922980012138
8,pair_08_photograph-of-violin-and-checkerboard-1913__celia-thaxter-s-garden-appledore-isles-of-shoals,photograph-of-violin-and-checkerboard-1913,celia-thaxter-s-garden-appledore-isles-of-shoals,MW2,0,50,50,1,0.20468516912049695,0.0,44.18669599999703,0.2331941250935411,0.44273980907850174,0.014219570175823633,0.06335464090033822,0.07160167061695046,0.1714577548575914,0.0,0.0,0.0,0.0,-0.37938516817816353
8,pair_08_photograph-of-violin-and-checkerboard-1913__celia-thaxter-s-garden-appledore-isles-of-shoals,photograph-of-violin-and-checkerboard-1913,celia-thaxter-s-garden-appledore-isles-of-shoals,LSOT-Mix,100,50,50,1,0.4533500428103846,1.2148651255895346,6.188853999901767,0.2331941250935411,0.44273980907850174,0.193093229982104,0.33316628226950395,0.2278447097454556,0.3875146062096471,0.17887365980628037,0.26981164136916574,0.15624303912850512,0.2160568513520557,-0.10957352680899779
8,pair_08_photograph-of-violin-and-checkerboard-1913__celia-thaxter-s-garden-appledore-isles-of-shoals,photograph-of-violin-and-checkerboard-1913,celia-thaxter-s-garden-appledore-isles-of-shoals,LSOT-SMix,100,50,50,1,0.42062429508359755,1.0549817893057925,5.1869469998564455,0.2331941250935411,0.44273980907850174,0.19588218393368223,0.34218833039236946,0.2198598312667847,0.37869593113598554,0.1816626137578586,0.27883368949203124,0.14825816064983427,0.20723817627839414,-0.10055147868613229
8,pair_08_photograph-of-violin-and-checkerboard-1913__celia-thaxter-s-garden-appledore-isles-of-shoals,photograph-of-violin-and-checkerboard-1913,celia-thaxter-s-garden-appledore-isles-of-shoals,LSOT-B,100,50,50,1,0.30015802834932825,0.4664376009217698,11.9951079996099,0.2331941250935411,0.44273980907850174,0.11781439320096122,0.21807873130946526,0.13996521795426173,0.258221714704382,0.10359482302513759,0.15472409040912705,0.06836354733731127,0.08676395984679058,-0.2246610777690365
8,pair_08_photograph-of-violin-and-checkerboard-1913__celia-thaxter-s-garden-appledore-isles-of-shoals,photograph-of-violin-and-checkerboard-1913,celia-thaxter-s-garden-appledore-isles-of-shoals,LSOT-B1D,100,50,50,1,0.3154848180719877,0.541317426306855,5.355382999823632,0.2331941250935411,0.44273980907850174,0.13025188840787383,0.23734904458983117,0.15032427421771205,0.2733207215456711,0.1160323182320502,0.17399440368949293,0.0787226036007616,0.1018629666880797,-0.20539076448867058
8,pair_08_photograph-of-violin-and-checkerboard-1913__celia-thaxter-s-garden-appledore-isles-of-shoals,photograph-of-violin-and-checkerboard-1913,celia-thaxter-s-garden-appledore-isles-of-shoals,min-LSOT-Mix,100,50,50,1,0.2553022234008456,0.24729224153290102,5.295515999932832,0.2331941250935411,0.44273980907850174,0.029953393278218828,0.09130519677063743,0.08629128054548463,0.17935110619947328,0.015733823102395197,0.02795055587029921,0.014689609928534172,0.007893351341881877,-0.3514346123078643
8,pair_08_photograph-of-violin-and-checkerboard-1913__celia-thaxter-s-garden-appledore-isles-of-shoals,photograph-of-violin-and-checkerboard-1913,celia-thaxter-s-garden-appledore-isles-of-shoals,min-LSOT-SMix,100,50,50,1,0.24066226011031627,0.17576794227157624,5.415641999661602,0.2331941250935411,0.44273980907850174,0.018995559872836944,0.0726986552070012,0.07467997792771919,0.16328976201456483,0.004775989697013311,0.00934401430666297,0.0030783073107687325,-0.008167992843026578,-0.37004115387150055
8,pair_08_photograph-of-violin-and-checkerboard-1913__celia-thaxter-s-garden-appledore-isles-of-shoals,photograph-of-violin-and-checkerboard-1913,celia-thaxter-s-garden-appledore-isles-of-shoals,min-LSOT-B,100,50,50,1,0.22258403998898257,0.08744586110168377,11.830606999865267,0.2331941250935411,0.44273980907850174,0.016243983384636822,0.06792342416157353,0.07467576226021017,0.16451752201274944,0.00202441320881319,0.004568783261235304,0.0030740916432597104,-0.006940232844841965,-0.3748163849169282
8,pair_08_photograph-of-violin-and-checkerboard-1913__celia-thaxter-s-garden-appledore-isles-of-shoals,photograph-of-violin-and-checkerboard-1913,celia-thaxter-s-garden-appledore-isles-of-shoals,min-LSOT-B1D,100,50,50,1,0.22440470529160056,0.09634081577984206,9.951779999937571,0.2331941250935411,0.44273980907850174,0.016933605303072252,0.06773541981297221,0.07465394058650601,0.16403105663632647,0.0027140351272486197,0.004380778912633984,0.003052269969555557,-0.007426698221264932,-0.37500438926552954
8,pair_08_photograph-of-violin-and-checkerboard-1913__celia-thaxter-s-garden-appledore-isles-of-shoals,photograph-of-violin-and-checkerboard-1913,celia-thaxter-s-garden-appledore-isles-of-shoals,min-opt-LSOT-Mix,100,50,50,1,0.21847715939864665,0.06738148316955216,54.86926100002165,0.2331941250935411,0.44273980907850174,0.016918055100842808,0.06656540982564366,0.07494102534631801,0.16784118344348273,0.002698484925019175,0.0032107689253054322,0.003339354729367555,-0.003616571414108677,-0.3761743992528581
8,pair_08_photograph-of-violin-and-checkerboard-1913__celia-thaxter-s-garden-appledore-isles-of-shoals,photograph-of-violin-and-checkerboard-1913,celia-thaxter-s-garden-appledore-isles-of-shoals,min-opt-LSOT-SMix,100,50,50,1,0.21800518891737136,0.06507564692697887,38.11509400020441,0.2331941250935411,0.44273980907850174,0.016824679403885073,0.06635323076642377,0.07467553297914624,0.16755914877450975,0.002605109228061441,0.0029985898660855465,0.003073862362195784,-0.0038986060830816516,-0.376386578312078
8,pair_08_photograph-of-violin-and-checkerboard-1913__celia-thaxter-s-garden-appledore-isles-of-shoals,photograph-of-violin-and-checkerboard-1913,celia-thaxter-s-garden-appledore-isles-of-shoals,min-opt-LSOT-B,100,50,50,1,0.21772020344191473,0.06368333561941723,61.699795999629714,0.2331941250935411,0.44273980907850174,0.015262556362880937,0.06513404668423281,0.07388534721456104,0.16633929971626665,0.0010429861870573046,0.001779405783894586,0.0022836765976105844,-0.0051184551413247514,-0.3776057623942689
8,pair_08_photograph-of-violin-and-checkerboard-1913__celia-thaxter-s-garden-appledore-isles-of-shoals,photograph-of-violin-and-checkerboard-1913,celia-thaxter-s-garden-appledore-isles-of-shoals,min-opt-LSOT-B1D,100,50,50,1,0.21959001227480007,0.07281838356118872,47.77179599977899,0.2331941250935411,0.44273980907850174,0.01606846073573125,0.06596652897651886,0.07218596631494549,0.16322112448798565,0.0018488905599076174,0.002611888076180638,0.0005842956979950353,-0.008236630369605757,-0.37677328010198285
9,pair_09_crystal-1921__senecio-1922,crystal-1921,senecio-1922,MW2,0,50,50,1,0.1121210139877297,0.0,42.278640000404266,0.19404209286422613,0.32005393354367345,0.013079930506461985,0.0598026077886445,0.04156596972515637,0.08616781664843323,0.0,0.0,0.0,0.0,-0.26025132575502896
9,pair_09_crystal-1921__senecio-1922,crystal-1921,senecio-1922,LSOT-Mix,100,50,50,1,0.2971642027834133,1.6503881138279253,5.54415099986727,0.19404209286422613,0.32005393354367345,0.17152633280873086,0.2981987799808053,0.17610561858235327,0.30550763813324144,0.1584464023022689,0.2383961721921608,0.1345396488571969,0.2193398214848082,-0.021855153562868157
9,pair_09_crystal-1921__senecio-1922,crystal-1921,senecio-1922,LSOT-SMix,100,50,50,1,0.2724073547192942,1.4295834030639962,5.520726000213472,0.19404209286422613,0.32005393354367345,0.15110445510481926,0.2619096258805909,0.15626949831914094,0.27175486769430907,0.1380245245983573,0.20210701809194642,0.11470352859398458,0.18558705104587583,-0.05814430766308254
9,pair_09_crystal-1921__senecio-1922,crystal-1921,senecio-1922,LSOT-B,100,50,50,1,0.1608467788845997,0.434581914343037,13.442949999898701,0.19404209286422613,0.32005393354367345,0.053060931341638445,0.09770615434023329,0.06659367257303093,0.12114391678267299,0.03998100083517646,0.03790354655158879,0.025027702847874568,0.034976100134239754,-0.22234777920344018
9,pair_09_crystal-1921__senecio-1922,crystal-1921,senecio-1922,LSOT-B1D,100,50,50,1,0.17109166087853472,0.5259553476501618,9.59012699968298,0.19404209286422613,0.32005393354367345,0.061092449157258755,0.10898097897468743,0.07317162911618309,0.13108930359227242,0.04801251865079677,0.049178371186042937,0.031605659391026726,0.044921486943839184,-0.211072954568986
9,pair_09_crystal-1921__senecio-1922,crystal-1921,senecio-1922,min-LSOT-Mix,100,50,50,1,0.13181696698887543,0.17566691827547354,5.843549000019266,0.19404209286422613,0.32005393354367345,0.028276997269979075,0.06925134485287893,0.054723344161491765,0.10551912017801042,0.01519706676351709,0.009448737064234429,0.013157374436335398,0.019351303529577188,-0.2508025886907945
9,pair_09_crystal-1921__senecio-1922,crystal-1921,senecio-1922,min-LSOT-SMix,100,50,50,1,0.11633533408004604,0.03758724562353271,6.802793999668211,0.19404209286422613,0.32005393354367345,0.017303964973559266,0.06287273948396584,0.04325735540153819,0.08790645365585223,0.004224034467097281,0.003070131695321339,0.0016913856763818222,0.0017386370074189972,-0.25718119405970763
9,pair_09_crystal-1921__senecio-1922,crystal-1921,senecio-1922,min-LSOT-B,100,50,50,1,0.11316071599361778,0.009273034277070203,11.724773999958416,0.19404209286422613,0.32005393354367345,0.017970803571257483,0.0643196346631817,0.04288411589364771,0.08902306954894677,0.0048908730647954975,0.004517026874537207,0.001318146168491345,0.0028552529005135413,-0.25573429888049176
9,pair_09_crystal-1921__senecio-1922,crystal-1921,senecio-1922,min-LSOT-B1D,100,50,50,1,0.11310343996019545,0.008762193076253044,4.757207999773527,0.19404209286422613,0.32005393354367345,0.015807368990010895,0.061845290250941855,0.04213342756579407,0.08761803250010386,0.0027274384835489097,0.002042682462297357,0.0005674578406377057,0.0014502158516706276,-0.2582086432927316
9,pair_09_crystal-1921__senecio-1922,crystal-1921,senecio-1922,min-opt-LSOT-Mix,100,50,50,1,0.118301144217455,0.055120177832155906,40.110973000082595,0.19404209286422613,0.32005393354367345,0.021189055537148834,0.06953148110021083,0.04524435238543966,0.09310159938672702,0.008109125030686849,0.009728873311566334,0.003678382660283294,0.006933782738293787,-0.2505224524434626
9,pair_09_crystal-1921__senecio-1922,crystal-1921,senecio-1922,min-opt-LSOT-SMix,100,50,50,1,0.11310769423493272,0.008800136674745074,31.909710000036284,0.19404209286422613,0.32005393354367345,0.01887345873018651,0.06490531942653842,0.042684037858680475,0.08773933849163973,0.005793528223724526,0.005102711637893921,0.0011180681335241083,0.001571521843206497,-0.255148614117135
9,pair_09_crystal-1921__senecio-1922,crystal-1921,senecio-1922,min-opt-LSOT-B,100,50,50,1,0.11307134525719585,0.008475942516629031,52.918063000106486,0.19404209286422613,0.32005393354367345,0.01633615246545355,0.0628692742030144,0.04281353443097289,0.08899701907109538,0.003256221958991565,0.003066666414369902,0.001247564705816523,0.0028292024226621443,-0.25718465934065904
9,pair_09_crystal-1921__senecio-1922,crystal-1921,senecio-1922,min-opt-LSOT-B1D,100,50,50,1,0.1130945594323847,0.00868298822878593,29.895409000346262,0.19404209286422613,0.32005393354367345,0.015825320400392986,0.06199891932360218,0.042140102660684686,0.08760203201030306,0.0027453898939310013,0.0021963115349576817,0.0005741329355283195,0.0014342153618698283,-0.25805501422007127
10,pair_10_vaza-s-kvetinami-1914__sower-with-setting-sun-1888-3,vaza-s-kvetinami-1914,sower-with-setting-sun-1888-3,MW2,0,50,50,1,0.21913277684827037,0.0,39.14868300034868,0.2541736047218397,0.48642464623695164,0.013989189613655964,0.061296469112883396,0.034126230881820895,0.09573777775531873,0.0,0.0,0.0,0.0,-0.42512817712406825
10,pair_10_vaza-s-kvetinami-1914__sower-with-setting-sun-1888-3,vaza-s-kvetinami-1914,sower-with-setting-sun-1888-3,LSOT-Mix,100,50,50,1,0.4222126817958279,0.9267436294487884,4.997948999516666,0.2541736047218397,0.48642464623695164,0.18302212065256976,0.2960256588183626,0.18886521825002583,0.30567196408789027,0.1690329310389138,0.23472918970547924,0.15473898736820493,0.20993418633257155,-0.19039898741858902
10,pair_10_vaza-s-kvetinami-1914__sower-with-setting-sun-1888-3,vaza-s-kvetinami-1914,sower-with-setting-sun-1888-3,LSOT-SMix,100,50,50,1,0.38891298759734294,0.7747823634190061,4.789193999386043,0.2541736047218397,0.48642464623695164,0.15788746296466266,0.26224751499404125,0.16262376378623253,0.26709718781611175,0.1438982733510067,0.20095104588115786,0.12849753290441163,0.17135941006079303,-0.2241771312429104
10,pair_10_vaza-s-kvetinami-1914__sower-with-setting-sun-1888-3,vaza-s-kvetinami-1914,sower-with-setting-sun-1888-3,LSOT-B,100,50,50,1,0.30368046800483534,0.3858285938443001,11.599837999710871,0.2541736047218397,0.48642464623695164,0.08955448867638753,0.1520375328772738,0.09628745883045399,0.1688337681955679,0.07556529906273157,0.09074106376439042,0.062161227948633095,0.07309599044024916,-0.33438711335967786
10,pair_10_vaza-s-kvetinami-1914__sower-with-setting-sun-1888-3,vaza-s-kvetinami-1914,sower-with-setting-sun-1888-3,LSOT-B1D,100,50,50,1,0.3130329484265546,0.4285081078642179,5.012279999391467,0.2541736047218397,0.48642464623695164,0.09758725214165914,0.16512632143815884,0.10349798571344332,0.17922684275056208,0.08359806252800318,0.10382985232527545,0.06937175483162242,0.08348906499524335,-0.32129832479879283
10,pair_10_vaza-s-kvetinami-1914__sower-with-setting-sun-1888-3,vaza-s-kvetinami-1914,sower-with-setting-sun-1888-3,min-LSOT-Mix,100,50,50,1,0.24113946133187197,0.1004262566290539,4.918663000353263,0.2541736047218397,0.48642464623695164,0.024165161950061003,0.07478100629257037,0.04437411506430557,0.10948716963171638,0.01017597233640504,0.013484537179686971,0.010247884182484679,0.013749391876397649,-0.41164363994438125
10,pair_10_vaza-s-kvetinami-1914__sower-with-setting-sun-1888-3,vaza-s-kvetinami-1914,sower-with-setting-sun-1888-3,min-LSOT-SMix,100,50,50,1,0.22811331229750875,0.040982164231216714,4.737467999802902,0.2541736047218397,0.48642464623695164,0.017924227913139926,0.06581926630205924,0.03463136099613025,0.09831608842451148,0.003935038299483962,0.004522797189175844,0.0005051301143093531,0.002578310669192743,-0.4206053799348924
10,pair_10_vaza-s-kvetinami-1914__sower-with-setting-sun-1888-3,vaza-s-kvetinami-1914,sower-with-setting-sun-1888-3,min-LSOT-B,100,50,50,1,0.22422803642764408,0.023251928135341035,11.21963199966558,0.2541736047218397,0.48642464623695164,0.017543703833660253,0.0632230926535245,0.03496179284057458,0.09688315480790319,0.003554514220004289,0.0019266235406411106,0.0008355619587536861,0.0011453770525844537,-0.42320155358342715
10,pair_10_vaza-s-kvetinami-1914__sower-with-setting-sun-1888-3,vaza-s-kvetinami-1914,sower-with-setting-sun-1888-3,min-LSOT-B1D,100,50,50,1,0.22455619024325443,0.024749439463085363,4.8347399997510365,0.2541736047218397,0.48642464623695164,0.01865715548016479,0.06341029131262887,0.035503164828456675,0.09780197445740729,0.004667965866508828,0.0021138221997454784,0.0013769339466357805,0.002064196702088558,-0.42301435492432277
10,pair_10_vaza-s-kvetinami-1914__sower-with-setting-sun-1888-3,vaza-s-kvetinami-1914,sower-with-setting-sun-1888-3,min-opt-LSOT-Mix,100,50,50,1,0.2247303387590442,0.025544156338828415,32.21431800011487,0.2541736047218397,0.48642464623695164,0.01862245408476331,0.06682724708438502,0.034455274517591866,0.09712170119514082,0.004633264471107347,0.005530777971501623,0.0003290436357709717,0.0013839234398220907,-0.4195973991525666
10,pair_10_vaza-s-kvetinami-1914__sower-with-setting-sun-1888-3,vaza-s-kvetinami-1914,sower-with-setting-sun-1888-3,min-opt-LSOT-SMix,100,50,50,1,0.22577886781954867,0.03032905924374845,28.605622999748448,0.2541736047218397,0.48642464623695164,0.017593310477434985,0.06423269227050972,0.034133966168562305,0.09717360709463364,0.003604120863779021,0.0029362231576263234,7.735286741410163e-06,0.001435829339314909,-0.42219195396644194
10,pair_10_vaza-s-kvetinami-1914__sower-with-setting-sun-1888-3,vaza-s-kvetinami-1914,sower-with-setting-sun-1888-3,min-opt-LSOT-B,100,50,50,1,0.22348271707128378,0.01985070552008452,50.41892400004144,0.2541736047218397,0.48642464623695164,0.017332812004133932,0.06219769140381414,0.0354000730697564,0.09764210032764963,0.0033436223904779686,0.0009012222909307449,0.0012738421879355047,0.001904322572330891,-0.4242269548331375
10,pair_10_vaza-s-kvetinami-1914__sower-with-setting-sun-1888-3,vaza-s-kvetinami-1914,sower-with-setting-sun-1888-3,min-opt-LSOT-B1D,100,50,50,1,0.22423972254535393,0.023305257070783424,29.549865999797476,0.2541736047218397,0.48642464623695164,0.018487437734943324,0.06331004611867888,0.035493527883082146,0.09791464842717575,0.00449824812128736,0.0020135770057954847,0.0013672970012612515,0.002176870671857012,-0.42311460011827273
11,pair_11_a-man-in-a-cafe-1914__rio-dell-angelo-1902,a-man-in-a-cafe-1914,rio-dell-angelo-1902,MW2,0,50,50,1,0.2686749411488327,0.0,40.27671499989083,0.2740111510748228,0.5154668161413188,0.014936410283538438,0.06575296412196865,0.029980226729717778,0.09903457254051366,0.0,0.0,0.0,0.0,-0.4497138520193502
11,pair_11_a-man-in-a-cafe-1914__rio-dell-angelo-1902,a-man-in-a-cafe-1914,rio-dell-angelo-1902,LSOT-Mix,100,50,50,1,0.5298583491367206,0.9721167402925198,5.380870000408322,0.2740111510748228,0.5154668161413188,0.17298978338818377,0.2957130067464679,0.19095713905439082,0.32922321899964774,0.15805337310464534,0.22996004262449923,0.16097691232467304,0.23018864645913406,-0.21975380939485095
11,pair_11_a-man-in-a-cafe-1914__rio-dell-angelo-1902,a-man-in-a-cafe-1914,rio-dell-angelo-1902,LSOT-SMix,100,50,50,1,0.50527239699357,0.8806085704646116,5.31162800052698,0.2740111510748228,0.5154668161413188,0.16839029197846053,0.29254124069607434,0.18194484140703146,0.31808308895099074,0.1534538816949221,0.2267882765741057,0.15196461467731368,0.21904851641047707,-0.2229255754452445
11,pair_11_a-man-in-a-cafe-1914__rio-dell-angelo-1902,a-man-in-a-cafe-1914,rio-dell-angelo-1902,LSOT-B,100,50,50,1,0.375920342845384,0.39916413952852636,12.184864000118978,0.2740111510748228,0.5154668161413188,0.09107460674156342,0.17210948572410806,0.09694078343703048,0.1834684175963506,0.07613819645802498,0.1063565216021394,0.06696055670731271,0.08443384505583694,-0.3433573304172108
11,pair_11_a-man-in-a-cafe-1914__rio-dell-angelo-1902,a-man-in-a-cafe-1914,rio-dell-angelo-1902,LSOT-B1D,100,50,50,1,0.3874469089932251,0.442065669900337,5.406467999819142,0.2740111510748228,0.5154668161413188,0.09857075100460547,0.18355175703079638,0.1047427705680983,0.19554148075980735,0.08363434072106703,0.11779879290882772,0.07476254383838052,0.09650690821929368,-0.33191505911052244
11,pair_11_a-man-in-a-cafe-1914__rio-dell-angelo-1902,a-man-in-a-cafe-1914,rio-dell-angelo-1902,min-LSOT-Mix,100,50,50,1,0.32038164058636504,0.19245077049775677,6.032985000274493,0.2740111510748228,0.5154668161413188,0.026230337007034685,0.08907855814436892,0.04382945572000358,0.11747726662714204,0.011293926723496247,0.023325594022400267,0.013849228990285803,0.01844269408662838,-0.4263882579969499
11,pair_11_a-man-in-a-cafe-1914__rio-dell-angelo-1902,a-man-in-a-cafe-1914,rio-dell-angelo-1902,min-LSOT-SMix,100,50,50,1,0.29877214853282497,0.11202089504625541,4.997909999474359,0.2740111510748228,0.5154668161413188,0.028994139455341073,0.09814531512234295,0.04697250883394578,0.1281207172571633,0.014057729171802634,0.0323923510003743,0.016992282104228,0.02908614471664965,-0.4173215010189759
11,pair_11_a-man-in-a-cafe-1914__rio-dell-angelo-1902,a-man-in-a-cafe-1914,rio-dell-angelo-1902,min-LSOT-B,100,50,50,1,0.2893556139553646,0.07697283832315338,11.60378300028242,0.2740111510748228,0.5154668161413188,0.024544003322094384,0.08112222329514333,0.04002130746304176,0.11343213371338778,0.009607593038555946,0.01536925917317468,0.010041080733323979,0.014397561172874121,-0.4343445928461755
11,pair_11_a-man-in-a-cafe-1914__rio-dell-angelo-1902,a-man-in-a-cafe-1914,rio-dell-angelo-1902,min-LSOT-B1D,100,50,50,1,0.28976708847032656,0.07850433401531788,5.169451000256231,0.2740111510748228,0.5154668161413188,0.026876521990997455,0.08480336233006107,0.044917095132801066,0.12338382090528321,0.011940111707459016,0.019050398208092414,0.014936868403083288,0.024349248364769552,-0.43066345381125776
11,pair_11_a-man-in-a-cafe-1914__rio-dell-angelo-1902,a-man-in-a-cafe-1914,rio-dell-angelo-1902,min-opt-LSOT-Mix,100,50,50,1,0.29022232079339705,0.08019869494501214,36.39797399955569,0.2740111510748228,0.5154668161413188,0.024984729679781575,0.08670804283036702,0.0372246849500578,0.11066952830595415,0.010048319396243137,0.02095507870839837,0.007244458220340019,0.011634955765440491,-0.4287587733109518
11,pair_11_a-man-in-a-cafe-1914__rio-dell-angelo-1902,a-man-in-a-cafe-1914,rio-dell-angelo-1902,min-opt-LSOT-SMix,100,50,50,1,0.2849145764853296,0.06044343125956395,31.95978500025376,0.2740111510748228,0.5154668161413188,0.025851462541303195,0.08657647313762622,0.04045581007116937,0.11579925527860524,0.010915052257764757,0.020823509015657563,0.010475583341451593,0.016764682738091577,-0.4288903430036926
11,pair_11_a-man-in-a-cafe-1914__rio-dell-angelo-1902,a-man-in-a-cafe-1914,rio-dell-angelo-1902,min-opt-LSOT-B,100,50,50,1,0.28470196661403135,0.05965210375284104,52.28524199992535,0.2740111510748228,0.5154668161413188,0.026023970260699712,0.08615844219647328,0.039279440932003286,0.11458245737538895,0.011087559977161274,0.02040547807450463,0.009299214202285508,0.015547884834875292,-0.42930837394484556
11,pair_11_a-man-in-a-cafe-1914__rio-dell-angelo-1902,a-man-in-a-cafe-1914,rio-dell-angelo-1902,min-opt-LSOT-B1D,100,50,50,1,0.28940523713646726,0.07715753430146273,30.91612600019289,0.2740111510748228,0.5154668161413188,0.026958038407817762,0.08485043846773688,0.04487875016549171,0.12346161015048013,0.012021628124279324,0.019097474345768223,0.014898523435773935,0.024427037609966465,-0.43061637767358196
12,pair_12_three-trees-in-grey-weather__vase-with-daisies-and-anemones-1887,three-trees-in-grey-weather,vase-with-daisies-and-anemones-1887,MW2,0,50,50,1,0.09175137007351254,0.0,38.52533899953414,0.15278289447860913,0.29222789552983774,0.01837591617863473,0.08097886262855666,0.037814018735274735,0.10138489329110023,0.0,0.0,0.0,0.0,-0.21124903290128108
12,pair_12_three-trees-in-grey-weather__vase-with-daisies-and-anemones-1887,three-trees-in-grey-weather,vase-with-daisies-and-anemones-1887,LSOT-Mix,100,50,50,1,0.2464928363272239,1.6865303060840426,5.229488999248133,0.15278289447860913,0.29222789552983774,0.1434665795898754,0.2439406713995499,0.1544384201774747,0.260495443073261,0.12509066341124067,0.16296180877099323,0.11662440144219996,0.15911054978216077,-0.048287224130287854
12,pair_12_three-trees-in-grey-weather__vase-with-daisies-and-anemones-1887,three-trees-in-grey-weather,vase-with-daisies-and-anemones-1887,LSOT-SMix,100,50,50,1,0.2293451127512697,1.4996369271381456,5.379960000027495,0.15278289447860913,0.29222789552983774,0.13140996492920098,0.2227286732403622,0.1410762465977719,0.23931358583460263,0.11303404875056625,0.14174981061180553,0.10326222786249717,0.1379286925435024,-0.06949922228947555
12,pair_12_three-trees-in-grey-weather__vase-with-daisies-and-anemones-1887,three-trees-in-grey-weather,vase-with-daisies-and-anemones-1887,LSOT-B,100,50,50,1,0.14277290153711497,0.556084682143964,12.23421899976529,0.15278289447860913,0.29222789552983774,0.06992022975928454,0.13857942321902827,0.07851970921556832,0.15026348747858798,0.05154431358064981,0.05760056059047161,0.040705690480293585,0.048878594187487745,-0.15364847231080947
12,pair_12_three-trees-in-grey-weather__vase-with-daisies-and-anemones-1887,three-trees-in-grey-weather,vase-with-daisies-and-anemones-1887,LSOT-B1D,100,50,50,1,0.1531636633471915,0.6693338009500516,5.631017000268912,0.15278289447860913,0.29222789552983774,0.0775461229933379,0.14588407809596224,0.08531135033035595,0.15833733939597328,0.05917020681470316,0.06490521546740557,0.04749733159508121,0.056952446104873045,-0.1463438174338755
12,pair_12_three-trees-in-grey-weather__vase-with-daisies-and-anemones-1887,three-trees-in-grey-weather,vase-with-daisies-and-anemones-1887,min-LSOT-Mix,100,50,50,1,0.10799759417285781,0.17706791829188553,5.799784999908297,0.15278289447860913,0.29222789552983774,0.042511532158503826,0.1158075837527127,0.05973750528679613,0.1384102561874293,0.024135615979869095,0.03482872112415604,0.021923486551521397,0.03702536289632907,-0.17642031177712503
12,pair_12_three-trees-in-grey-weather__vase-with-daisies-and-anemones-1887,three-trees-in-grey-weather,vase-with-daisies-and-anemones-1887,min-LSOT-SMix,100,50,50,1,0.09936432159235566,0.08297370941429545,5.563769999753276,0.15278289447860913,0.29222789552983774,0.0340413720353008,0.0987803127145634,0.05046616014395558,0.1239587933861754,0.015665455856666066,0.01780145008600674,0.012652141408680845,0.022573900095075164,-0.19344758281527435
12,pair_12_three-trees-in-grey-weather__vase-with-daisies-and-anemones-1887,three-trees-in-grey-weather,vase-with-daisies-and-anemones-1887,min-LSOT-B,100,50,50,1,0.09802152703934429,0.06833856498064285,12.026835999677132,0.15278289447860913,0.29222789552983774,0.03575938162428938,0.10809995279876339,0.05174458086964203,0.1271386875833279,0.017383465445654646,0.027121090170206724,0.013930562134367296,0.025753794292227655,-0.18412794273107436
12,pair_12_three-trees-in-grey-weather__vase-with-daisies-and-anemones-1887,three-trees-in-grey-weather,vase-with-daisies-and-anemones-1887,min-LSOT-B1D,100,50,50,1,0.09854144075116293,0.07400511482509836,4.975778999323666,0.15278289447860913,0.29222789552983774,0.03419038434340974,0.10349312955218055,0.05080024202004132,0.12443175568547106,0.01581446816477501,0.02251426692362389,0.012986223284766583,0.02304686239437083,-0.1887347659776572
12,pair_12_three-trees-in-grey-weather__vase-with-daisies-and-anemones-1887,three-trees-in-grey-weather,vase-with-daisies-and-anemones-1887,min-opt-LSOT-Mix,100,50,50,1,0.10177847957061674,0.10928566504315228,39.04105499987054,0.15278289447860913,0.29222789552983774,0.04040192401537551,0.1112334484385311,0.05527257010371442,0.13273926159566973,0.02202600783674078,0.030254585809974435,0.017458551368439684,0.0313543683045695,-0.18099444709130663
12,pair_12_three-trees-in-grey-weather__vase-with-daisies-and-anemones-1887,three-trees-in-grey-weather,vase-with-daisies-and-anemones-1887,min-opt-LSOT-SMix,100,50,50,1,0.09838136902512215,0.07226048991200411,31.999621000068146,0.15278289447860913,0.29222789552983774,0.0354622664343056,0.10335159299417958,0.051088435630388424,0.12476130320044115,0.017086350255670867,0.022372730365622914,0.013274416895113689,0.023376409909340923,-0.18887630253565818
12,pair_12_three-trees-in-grey-weather__vase-with-daisies-and-anemones-1887,three-trees-in-grey-weather,vase-with-daisies-and-anemones-1887,min-opt-LSOT-B,100,50,50,1,0.09780596656723171,0.06598916712489569,58.604418999493646,0.15278289447860913,0.29222789552983774,0.033814590705948375,0.10282302393516858,0.050660546061112706,0.12391500699877145,0.015438674527313644,0.021844161306611917,0.012846527325837971,0.022530113707671218,-0.18940487159466918
12,pair_12_three-trees-in-grey-weather__vase-with-daisies-and-anemones-1887,three-trees-in-grey-weather,vase-with-daisies-and-anemones-1887,min-opt-LSOT-B1D,100,50,50,1,0.09776542644163307,0.06554731949290755,32.585928999651514,0.15278289447860913,0.29222789552983774,0.032221114098777016,0.09900258915096985,0.04874038718420156,0.1201321758044824,0.013845197920142285,0.018023726522413186,0.010926368448926825,0.018747282513382174,-0.1932253063788679
13,pair_13_irises-1889__portrait-of-ambroise-vollard-1910,irises-1889,portrait-of-ambroise-vollard-1910,MW2,0,50,50,1,0.09372346993342,0.0,41.958947999773955,0.1473520079206869,0.297993961831387,0.009381343382291444,0.047525437582406654,0.047650492000992056,0.1133589142525061,0.0,0.0,0.0,0.0,-0.25046852424898036
13,pair_13_irises-1889__portrait-of-ambroise-vollard-1910,irises-1889,portrait-of-ambroise-vollard-1910,LSOT-Mix,100,50,50,1,0.1979678006996149,1.1122542820944294,4.995166000298923,0.1473520079206869,0.297993961831387,0.14269651974188616,0.2533843132868685,0.15549139820293262,0.2707025556037565,0.13331517635959472,0.20585887570446185,0.10784090620194056,0.1573436413512504,-0.04460964854451849
13,pair_13_irises-1889__portrait-of-ambroise-vollard-1910,irises-1889,portrait-of-ambroise-vollard-1910,LSOT-SMix,100,50,50,1,0.19061737122164293,1.033827507208762,5.2057350003451575,0.1473520079206869,0.297993961831387,0.12936071157285425,0.23193021405194936,0.14546360180138365,0.25474692921708786,0.1199793681905628,0.1844047764695427,0.0978131098003916,0.14138801496458175,-0.06606374777943763
13,pair_13_irises-1889__portrait-of-ambroise-vollard-1910,irises-1889,portrait-of-ambroise-vollard-1910,LSOT-B,100,50,50,1,0.13748911104068398,0.4669656505286729,11.517750000166416,0.1473520079206869,0.297993961831387,0.05926760077114379,0.10570978113023873,0.08525300219265057,0.15822445890078893,0.04988625738885235,0.05818434354783207,0.037602510191658514,0.044865544648282824,-0.19228418070114828
13,pair_13_irises-1889__portrait-of-ambroise-vollard-1910,irises-1889,portrait-of-ambroise-vollard-1910,LSOT-B1D,100,50,50,1,0.1422936656499978,0.5182287398351925,5.504031999407744,0.1473520079206869,0.297993961831387,0.06709925335215346,0.11980092470716805,0.0910259303156342,0.16732528571500208,0.057717909969862015,0.0722754871247614,0.04337543831464215,0.05396637146249597,-0.17819303712421894
13,pair_13_irises-1889__portrait-of-ambroise-vollard-1910,irises-1889,portrait-of-ambroise-vollard-1910,min-LSOT-Mix,100,50,50,1,0.11053246676245161,0.17934671903390387,5.795368999315542,0.1473520079206869,0.297993961831387,0.010661179628549889,0.04927391810249109,0.053774975105459547,0.12202469009086926,0.0012798362462584454,0.0017484805200844375,0.00612448310446749,0.008665775838363157,-0.2487200437288959
13,pair_13_irises-1889__portrait-of-ambroise-vollard-1910,irises-1889,portrait-of-ambroise-vollard-1910,min-LSOT-SMix,100,50,50,1,0.10078045026023429,0.07529576457025632,6.784166999750596,0.1473520079206869,0.297993961831387,0.010498410601274311,0.0509254322069012,0.04922452654069917,0.11332461208962526,0.0011170672189828677,0.003399994624494543,0.0015740345397071143,-3.430216288084764e-05,-0.24706852962448578
13,pair_13_irises-1889__portrait-of-ambroise-vollard-1910,irises-1889,portrait-of-ambroise-vollard-1910,min-LSOT-B,100,50,50,1,0.10031806741101262,0.07036228473270725,11.31180900028994,0.1473520079206869,0.297993961831387,0.010538585703688293,0.05282346012689338,0.04843734058254121,0.10889624037841716,0.0011572423213968494,0.005298022544486726,0.0007868485815491558,-0.0044626738740889405,-0.24517050170449362
13,pair_13_irises-1889__portrait-of-ambroise-vollard-1910,irises-1889,portrait-of-ambroise-vollard-1910,min-LSOT-B1D,100,50,50,1,0.10076982112465983,0.0751823550306607,5.122763000144914,0.1473520079206869,0.297993961831387,0.011499398485681243,0.053428587356677944,0.04675351089401318,0.10787153913181147,0.002118055103389799,0.005903149774271289,-0.0008969811069788752,-0.0054873751206946375,-0.24456537447470905
13,pair_13_irises-1889__portrait-of-ambroise-vollard-1910,irises-1889,portrait-of-ambroise-vollard-1910,min-opt-LSOT-Mix,100,50,50,1,0.10041729121670395,0.07142097158843097,35.8140979997188,0.1473520079206869,0.297993961831387,0.011963121973659901,0.05288286233634826,0.046666033474414524,0.10887006537121426,0.0025817785913684575,0.005357424753941603,-0.0009844585265775321,-0.004488848881291849,-0.24511109949503873
13,pair_13_irises-1889__portrait-of-ambroise-vollard-1910,irises-1889,portrait-of-ambroise-vollard-1910,min-opt-LSOT-SMix,100,50,50,1,0.0998717523358124,0.06560024299953968,31.40471000006073,0.1473520079206869,0.297993961831387,0.009634860432346353,0.05080643294957768,0.04877321629374724,0.11334550121993789,0.00025351705005490985,0.0032809953671710246,0.0011227242927551867,-1.3413032568215799e-05,-0.2471875288818093
13,pair_13_irises-1889__portrait-of-ambroise-vollard-1910,irises-1889,portrait-of-ambroise-vollard-1910,min-opt-LSOT-B,100,50,50,1,0.0994908950187961,0.06153661499593655,51.45445699963602,0.1473520079206869,0.297993961831387,0.01155390045958715,0.05542040735821002,0.047786457866534175,0.10946773751131138,0.0021725570772957066,0.007894969775803368,0.00013596586554211892,-0.003891176741194727,-0.24257355447317697
13,pair_13_irises-1889__portrait-of-ambroise-vollard-1910,irises-1889,portrait-of-ambroise-vollard-1910,min-opt-LSOT-B1D,100,50,50,1,0.09973122727896637,0.06410088476039362,33.502501999464585,0.1473520079206869,0.297993961831387,0.011561788856871516,0.05367084483115691,0.04771141364277895,0.10924952084009094,0.0021804454745800728,0.006145407248750255,6.0921641786892966e-05,-0.00410939341241516,-0.24432311700023007
14,pair_14_red-vineyards-at-arles-1888__the-seine-at-vetheuil,red-vineyards-at-arles-1888,the-seine-at-vetheuil,MW2,0,50,50,1,0.10381750662077313,0.0,43.27097800023694,0.16404645434628504,0.3048384138746715,0.007081718452954511,0.047297992765905496,0.047070629518044645,0.11387066191170891,0.0,0.0,0.0,0.0,-0.25754042110876596
14,pair_14_red-vineyards-at-arles-1888__the-seine-at-vetheuil,red-vineyards-at-arles-1888,the-seine-at-vetheuil,LSOT-Mix,100,50,50,1,0.2690933667578984,1.5919844881350174,6.586327999684727,0.16404645434628504,0.3048384138746715,0.17754773754317643,0.3068723976461909,0.18374094665081867,0.3177825187896242,0.1704660190902219,0.2595744048802854,0.13667031713277403,0.2039118568779153,0.002033983771519421
14,pair_14_red-vineyards-at-arles-1888__the-seine-at-vetheuil,red-vineyards-at-arles-1888,the-seine-at-vetheuil,LSOT-SMix,100,50,50,1,0.24691690423923202,1.3783744406535934,7.179999000072712,0.16404645434628504,0.3048384138746715,0.15411630029482076,0.26828142561575846,0.16204778892298832,0.28311796671989986,0.14703458184186624,0.22098343284985297,0.11497715940494369,0.16924730480819095,-0.036556988258913015
14,pair_14_red-vineyards-at-arles-1888__the-seine-at-vetheuil,red-vineyards-at-arles-1888,the-seine-at-vetheuil,LSOT-B,100,50,50,1,0.16414715045569928,0.5811124327547144,12.260690999937651,0.16404645434628504,0.3048384138746715,0.06458680872642875,0.1241578859298511,0.08599569474305126,0.164199299624921,0.05750509027347424,0.07685989316394559,0.03892506522500661,0.05032863771321208,-0.18068052794482037
14,pair_14_red-vineyards-at-arles-1888__the-seine-at-vetheuil,red-vineyards-at-arles-1888,the-seine-at-vetheuil,LSOT-B1D,100,50,50,1,0.16981668878394351,0.6357230520306526,4.895651999959227,0.16404645434628504,0.3048384138746715,0.07004994331321183,0.1321869932046135,0.09069266905273071,0.17095071620733923,0.06296822486025733,0.084889000438708,0.04362203953468607,0.05708005429563032,-0.17265142067005798
14,pair_14_red-vineyards-at-arles-1888__the-seine-at-vetheuil,red-vineyards-at-arles-1888,the-seine-at-vetheuil,min-LSOT-Mix,100,50,50,1,0.11505480729462483,0.10824090309642632,5.435802999727457,0.16404645434628504,0.3048384138746715,0.0118548417145053,0.0470911235130494,0.047190850416616144,0.11224754577636828,0.0047731232615507895,-0.0002068692528560956,0.0001202208985714992,-0.0016231161353406354,-0.2577472903616221
14,pair_14_red-vineyards-at-arles-1888__the-seine-at-vetheuil,red-vineyards-at-arles-1888,the-seine-at-vetheuil,min-LSOT-SMix,100,50,50,1,0.1105537574569828,0.06488550009986269,5.61552599992865,0.16404645434628504,0.3048384138746715,0.00965268807331855,0.04706207322237573,0.046674865737675535,0.11171504232882182,0.00257096962036404,-0.00023591954352976396,-0.00039576378036911,-0.002155619582887097,-0.25777634065229577
14,pair_14_red-vineyards-at-arles-1888__the-seine-at-vetheuil,red-vineyards-at-arles-1888,the-seine-at-vetheuil,min-LSOT-B,100,50,50,1,0.10761428872176872,0.03657169416391933,11.828757999865047,0.16404645434628504,0.3048384138746715,0.007895491627027651,0.05002804844429048,0.04704315894594734,0.11173179916299958,0.0008137731740731407,0.002730055678384982,-2.747057209730175e-05,-0.002138862748709336,-0.254810365430381
14,pair_14_red-vineyards-at-arles-1888__the-seine-at-vetheuil,red-vineyards-at-arles-1888,the-seine-at-vetheuil,min-LSOT-B1D,100,50,50,1,0.10808463374600842,0.041102192338546,6.11802200000966,0.16404645434628504,0.3048384138746715,0.00836532767361056,0.046267458596803694,0.04619145518368022,0.11008490969918902,0.0012836092206560496,-0.0010305341691018016,-0.0008791743343644215,-0.003785752212519894,-0.2585709552778678
14,pair_14_red-vineyards-at-arles-1888__the-seine-at-vetheuil,red-vineyards-at-arles-1888,the-seine-at-vetheuil,min-opt-LSOT-Mix,100,50,50,1,0.10787354296378912,0.0390689053805922,39.11225599995305,0.16404645434628504,0.3048384138746715,0.008409934078177672,0.04690245402802918,0.04650501091772219,0.1106978172430892,0.0013282156252231612,-0.00039553873787631644,-0.0005656186003224553,-0.0031728446686197093,-0.2579359598466423
14,pair_14_red-vineyards-at-arles-1888__the-seine-at-vetheuil,red-vineyards-at-arles-1888,the-seine-at-vetheuil,min-opt-LSOT-SMix,100,50,50,1,0.10729676747810951,0.033513238475717785,37.061286000152904,0.16404645434628504,0.3048384138746715,0.008194848097027016,0.04829044975921779,0.046956529148048765,0.11176247742566552,0.0011131296440725054,0.0009924569933122962,-0.00011410036999588008,-0.002108184486043399,-0.25654796411545366
14,pair_14_red-vineyards-at-arles-1888__the-seine-at-vetheuil,red-vineyards-at-arles-1888,the-seine-at-vetheuil,min-opt-LSOT-B,100,50,50,1,0.1064867253141864,0.025710680022045348,56.80313200036835,0.16404645434628504,0.3048384138746715,0.007764393885931369,0.049191624786967356,0.04718854014276034,0.11194470028216758,0.0006826754329768581,0.0018936320210618598,0.00011791062471569469,-0.0019259616295413395,-0.2556467890877041
14,pair_14_red-vineyards-at-arles-1888__the-seine-at-vetheuil,red-vineyards-at-arles-1888,the-seine-at-vetheuil,min-opt-LSOT-B1D,100,50,50,1,0.10765516090332322,0.036965386739332494,29.85128000000259,0.16404645434628504,0.3048384138746715,0.008413315900898987,0.045177282911888376,0.04626331193903278,0.11013388472903139,0.0013315974479444761,-0.0021207098540171193,-0.0008073175790118681,-0.0037367771826775226,-0.2596611309627831
15,pair_15_irises-in-monet-s-garden-03__sower-with-setting-sun-1888-3,irises-in-monet-s-garden-03,sower-with-setting-sun-1888-3,MW2,0,50,50,1,0.1310940032811871,0.0,37.66622399962216,0.18874827796426244,0.3428716584154482,0.018141302842699252,0.05795986724746611,0.04765890943836689,0.11390428916042865,0.0,0.0,0.0,0.0,-0.2849117911679821
15,pair_15_irises-in-monet-s-garden-03__sower-with-setting-sun-1888-3,irises-in-monet-s-garden-03,sower-with-setting-sun-1888-3,LSOT-Mix,100,50,50,1,0.2412880813998747,0.8405729885472285,5.691047000254912,0.18874827796426244,0.3428716584154482,0.188696897767952,0.3083352035497424,0.19439736989843698,0.3149837499986629,0.17055559492525277,0.2503753363022763,0.14673846046007008,0.20107946083823425,-0.03453645486570578
15,pair_15_irises-in-monet-s-garden-03__sower-with-setting-sun-1888-3,irises-in-monet-s-garden-03,sower-with-setting-sun-1888-3,LSOT-SMix,100,50,50,1,0.22381844033749193,0.707312575216867,5.233996999777446,0.18874827796426244,0.3428716584154482,0.16216363964033653,0.26591828200559414,0.16648820094595454,0.27374543767465465,0.1440223367976373,0.20795841475812804,0.11882929150758764,0.15984114851422598,-0.07695337640985406
15,pair_15_irises-in-monet-s-garden-03__sower-with-setting-sun-1888-3,irises-in-monet-s-garden-03,sower-with-setting-sun-1888-3,LSOT-B,100,50,50,1,0.17989781165655422,0.3722810132717247,11.667120000311115,0.18874827796426244,0.3428716584154482,0.0970942995720406,0.1692189482930857,0.10435477239417738,0.18558601444822284,0.07895299672934135,0.1112590810456196,0.05669586295581049,0.07168172528779419,-0.1736527101223625
15,pair_15_irises-in-monet-s-garden-03__sower-with-setting-sun-1888-3,irises-in-monet-s-garden-03,sower-with-setting-sun-1888-3,LSOT-B1D,100,50,50,1,0.18364343026340854,0.4008530189554648,5.755020999458793,0.18874827796426244,0.3428716584154482,0.1011724075986597,0.17241854457240666,0.10855664346672193,0.190551054694606,0.08303110475596044,0.11445867732494056,0.06089773402835504,0.07664676553417736,-0.17045311384304154
15,pair_15_irises-in-monet-s-garden-03__sower-with-setting-sun-1888-3,irises-in-monet-s-garden-03,sower-with-setting-sun-1888-3,min-LSOT-Mix,100,50,50,1,0.14751497613012807,0.1252610526640123,5.731706000005943,0.18874827796426244,0.3428716584154482,0.03867243204217033,0.08192704657895518,0.06437305528820296,0.13258684722635197,0.020531129199471077,0.02396717933148907,0.01671414584983607,0.018682558065923324,-0.26094461183649303
15,pair_15_irises-in-monet-s-garden-03__sower-with-setting-sun-1888-3,irises-in-monet-s-garden-03,sower-with-setting-sun-1888-3,min-LSOT-SMix,100,50,50,1,0.1392356657689839,0.06210552949804692,4.954867999913404,0.18874827796426244,0.3428716584154482,0.02772688624890509,0.079109451021424,0.049865157238742734,0.11605121768317643,0.009585583406205838,0.02114958377395789,0.0022062478003758434,0.002146928522747782,-0.26376220739402423
15,pair_15_irises-in-monet-s-garden-03__sower-with-setting-sun-1888-3,irises-in-monet-s-garden-03,sower-with-setting-sun-1888-3,min-LSOT-B,100,50,50,1,0.13729518903133536,0.04730335175474948,35.74398399996426,0.18874827796426244,0.3428716584154482,0.018952185109982516,0.06829395638810194,0.04635577226164303,0.11235124047292115,0.0008108822672832638,0.010334089140635834,-0.0013031371767238606,-0.0015530486875074967,-0.27457770202734627
15,pair_15_irises-in-monet-s-garden-03__sower-with-setting-sun-1888-3,irises-in-monet-s-garden-03,sower-with-setting-sun-1888-3,min-LSOT-B1D,100,50,50,1,0.13833319522858867,0.05522138134628508,6.139021999842953,0.18874827796426244,0.3428716584154482,0.018849623159495742,0.06606474549690312,0.04629988982678037,0.11357035857739946,0.0007083203167964902,0.008104878249437016,-0.0013590196115865205,-0.00033393058302919054,-0.2768069129185451
15,pair_15_irises-in-monet-s-garden-03__sower-with-setting-sun-1888-3,irises-in-monet-s-garden-03,sower-with-setting-sun-1888-3,min-opt-LSOT-Mix,100,50,50,1,0.13727546856134118,0.047152921761762806,44.05758199936827,0.18874827796426244,0.3428716584154482,0.022984157835488378,0.07290577628850323,0.046876790024609136,0.11217415941188594,0.004842854992789126,0.014945909041037118,-0.000782119413757755,-0.0017301297485427108,-0.26996588212694494
15,pair_15_irises-in-monet-s-garden-03__sower-with-setting-sun-1888-3,irises-in-monet-s-garden-03,sower-with-setting-sun-1888-3,min-opt-LSOT-SMix,100,50,50,1,0.13724892643309117,0.04695045538202245,49.689360999764176,0.18874827796426244,0.3428716584154482,0.02370723469529607,0.07665117610081336,0.04817000433129581,0.11334826721731583,0.005565931852596819,0.01869130885334725,0.0005110948929289219,-0.0005560219431128138,-0.26622048231463485
15,pair_15_irises-in-monet-s-garden-03__sower-with-setting-sun-1888-3,irises-in-monet-s-garden-03,sower-with-setting-sun-1888-3,min-opt-LSOT-B,100,50,50,1,0.13650639412385984,0.04128633428840807,51.73708100028307,0.18874827796426244,0.3428716584154482,0.01894790061530144,0.06748927661506061,0.0464034191174469,0.11243559202187227,0.0008065977726021863,0.009529409367594506,-0.00125549032091999,-0.0014686971385563796,-0.2753823818003876
15,pair_15_irises-in-monet-s-garden-03__sower-with-setting-sun-1888-3,irises-in-monet-s-garden-03,sower-with-setting-sun-1888-3,min-opt-LSOT-B1D,100,50,50,1,0.1372322455603157,0.046823211783093864,36.9321560001481,0.18874827796426244,0.3428716584154482,0.01909552532272799,0.06664624911131448,0.04601342510206836,0.11264640333102002,0.0009542224800287366,0.008686381863848368,-0.0016454843362985333,-0.0012578858294086254,-0.27622540930413375
16,pair_16_photograph-of-violin-and-checkerboard-1913__interno-di-san-miniato-1861,photograph-of-violin-and-checkerboard-1913,interno-di-san-miniato-1861,MW2,0,50,50,1,0.06640461712629586,0.0,43.74806600026204,0.11140073117375948,0.2501312852131222,0.008535824611020896,0.03806684535562761,0.038846261489116116,0.10669897413842358,0.0,0.0,0.0,0.0,-0.21206443985749462
16,pair_16_photograph-of-violin-and-checkerboard-1913__interno-di-san-miniato-1861,photograph-of-violin-and-checkerboard-1913,interno-di-san-miniato-1861,LSOT-Mix,100,50,50,1,0.22209657233815588,2.3445953301070515,5.077382999843394,0.11140073117375948,0.2501312852131222,0.14213967445098225,0.24606152863540431,0.15324002125447547,0.26431223631745643,0.13360384983996135,0.20799468327977672,0.11439375976535936,0.15761326217903285,-0.004069756577717909
16,pair_16_photograph-of-violin-and-checkerboard-1913__interno-di-san-miniato-1861,photograph-of-violin-and-checkerboard-1913,interno-di-san-miniato-1861,LSOT-SMix,100,50,50,1,0.20548443383941928,2.0944299166518134,5.286934000650945,0.11140073117375948,0.2501312852131222,0.12516309732819741,0.21710701222947199,0.13899359358680222,0.24260768149415227,0.11662727271717652,0.1790401668738444,0.1001473320976861,0.1359087073557287,-0.03302427298365024
16,pair_16_photograph-of-violin-and-checkerboard-1913__interno-di-san-miniato-1861,photograph-of-violin-and-checkerboard-1913,interno-di-san-miniato-1861,LSOT-B,100,50,50,1,0.1236727084863311,0.8624112876235137,12.377264999486215,0.11140073117375948,0.2501312852131222,0.0621429211507532,0.12273805456871208,0.07745736415131138,0.1553095543964717,0.0536070965397323,0.08467120921308446,0.038611102662195265,0.048610580258048125,-0.12739323064441016
16,pair_16_photograph-of-violin-and-checkerboard-1913__interno-di-san-miniato-1861,photograph-of-violin-and-checkerboard-1913,interno-di-san-miniato-1861,LSOT-B1D,100,50,50,1,0.13278958679648484,0.9997041251503714,5.002386999876762,0.11140073117375948,0.2501312852131222,0.07051709435218198,0.13499841992494807,0.08398735664812224,0.16423855271330665,0.06198126974116108,0.09693157456932046,0.04514109515900612,0.057539578574883066,-0.11513286528817415
16,pair_16_photograph-of-violin-and-checkerboard-1913__interno-di-san-miniato-1861,photograph-of-violin-and-checkerboard-1913,interno-di-san-miniato-1861,min-LSOT-Mix,100,50,50,1,0.09352168329925796,0.4083611553905623,5.432425999970292,0.11140073117375948,0.2501312852131222,0.014861147294059997,0.052847108372987,0.04720578000529205,0.11391217240044822,0.0063253226830391005,0.014780263017359387,0.008359518516175932,0.007213198262024642,-0.19728417684013522
16,pair_16_photograph-of-violin-and-checkerboard-1913__interno-di-san-miniato-1861,photograph-of-violin-and-checkerboard-1913,interno-di-san-miniato-1861,min-LSOT-SMix,100,50,50,1,0.08584795486793004,0.29280099160356005,5.270118999760598,0.11140073117375948,0.2501312852131222,0.009258452306792135,0.04193323186140592,0.039007150607533805,0.10478278626350099,0.0007226276957712392,0.0038663865057783076,0.00016088911841768971,-0.0019161878749225925,-0.20819805335171632
16,pair_16_photograph-of-violin-and-checkerboard-1913__interno-di-san-miniato-1861,photograph-of-violin-and-checkerboard-1913,interno-di-san-miniato-1861,min-LSOT-B,100,50,50,1,0.07775486489322245,0.17092558105318778,11.920239999199111,0.11140073117375948,0.2501312852131222,0.008520949393658368,0.03943059277845046,0.035454102741672246,0.10054994988223548,-1.4875217362528281e-05,0.0013637474228228447,-0.00339215874744387,-0.0061490242561881014,-0.21070069243467177
16,pair_16_photograph-of-violin-and-checkerboard-1913__interno-di-san-miniato-1861,photograph-of-violin-and-checkerboard-1913,interno-di-san-miniato-1861,min-LSOT-B1D,100,50,50,1,0.07686428154614904,0.15751411381470345,5.102103999888641,0.11140073117375948,0.2501312852131222,0.00806396159284894,0.038874360259897406,0.035516830987808494,0.09972910211272651,-0.00047186301817195644,0.0008075149042697932,-0.0033294305013076217,-0.006969872025697071,-0.21125692495322482
16,pair_16_photograph-of-violin-and-checkerboard-1913__interno-di-san-miniato-1861,photograph-of-violin-and-checkerboard-1913,interno-di-san-miniato-1861,min-opt-LSOT-Mix,100,50,50,1,0.07920425239233256,0.19275218832589447,38.41775199998665,0.11140073117375948,0.2501312852131222,0.008426485828931596,0.04048842072648532,0.04201730820924981,0.10779313602590966,-0.00010933878208930006,0.002421575370857708,0.0031710467201336925,0.001094161887486081,-0.2096428644866369
16,pair_16_photograph-of-violin-and-checkerboard-1913__interno-di-san-miniato-1861,photograph-of-violin-and-checkerboard-1913,interno-di-san-miniato-1861,min-opt-LSOT-SMix,100,50,50,1,0.07721390660428981,0.16277918533037564,30.53069899942784,0.11140073117375948,0.2501312852131222,0.009141712372571368,0.04041330395224547,0.04081979994528007,0.10668863116526964,0.0006058877615504714,0.002346458596617855,0.0019735384561639577,-1.0342973153942836e-05,-0.20971798126087676
16,pair_16_photograph-of-violin-and-checkerboard-1913__interno-di-san-miniato-1861,photograph-of-violin-and-checkerboard-1913,interno-di-san-miniato-1861,min-opt-LSOT-B,100,50,50,1,0.07749977574588951,0.1670841441415378,52.16455699974176,0.11140073117375948,0.2501312852131222,0.008602528804279466,0.03964889736448614,0.03539114901540713,0.09994197018102059,6.670419325856963e-05,0.0015820520088585255,-0.003455112473708985,-0.006757003957402988,-0.2104823878486361
16,pair_16_photograph-of-violin-and-checkerboard-1913__interno-di-san-miniato-1861,photograph-of-violin-and-checkerboard-1913,interno-di-san-miniato-1861,min-opt-LSOT-B1D,100,50,50,1,0.07584331262012634,0.14213914487119003,32.06658900035109,0.11140073117375948,0.2501312852131222,0.008172165262047707,0.03923271296766972,0.03548724234183095,0.1001046587118975,-0.00036365934897318944,0.0011658676120421055,-0.003359019147285168,-0.006594315426526082,-0.2108985722454525
17,pair_17_grapes-1913__landscape-with-house-at-ceret-1913,grapes-1913,landscape-with-house-at-ceret-1913,MW2,0,50,50,1,0.09671439344966287,0.0,44.69295799935935,0.14182015954460978,0.3037521270234668,0.015992357962586957,0.09010005669641762,0.048655912928596785,0.14195056159731861,0.0,0.0,0.0,0.0,-0.2136520703270492
17,pair_17_grapes-1913__landscape-with-house-at-ceret-1913,grapes-1913,landscape-with-house-at-ceret-1913,LSOT-Mix,100,50,50,1,0.3440628746416756,2.557514681832241,5.158478000339528,0.14182015954460978,0.3037521270234668,0.18300337935994906,0.3347893248553139,0.1971213276138721,0.3545375243089485,0.1670110213973621,0.24468926815889624,0.14846541468527533,0.2125869627116299,0.031037197831847052
17,pair_17_grapes-1913__landscape-with-house-at-ceret-1913,grapes-1913,landscape-with-house-at-ceret-1913,LSOT-SMix,100,50,50,1,0.3220045405887765,2.329437626637971,5.3321710001910105,0.14182015954460978,0.3037521270234668,0.17527280632304276,0.32306026263087845,0.1850464744274032,0.33608295395501825,0.1592804483604558,0.23296020593446082,0.13639056149880643,0.19413239235769963,0.019308135607411625
17,pair_17_grapes-1913__landscape-with-house-at-ceret-1913,grapes-1913,landscape-with-house-at-ceret-1913,LSOT-B,100,50,50,1,0.21016263059075413,1.1730233018535952,12.395347000165202,0.14182015954460978,0.3037521270234668,0.1121019696560295,0.2372785836602674,0.11862636137661893,0.2496241293410668,0.09610961169344255,0.1471785269638498,0.06997044844802214,0.1076735677437482,-0.06647354336319941
17,pair_17_grapes-1913__landscape-with-house-at-ceret-1913,grapes-1913,landscape-with-house-at-ceret-1913,LSOT-B1D,100,50,50,1,0.22368479444330458,1.3128387250831102,5.212154999753693,0.14182015954460978,0.3037521270234668,0.12176264647097687,0.25284495984554756,0.12748728558372494,0.26173505307333556,0.10577028850838992,0.16274490314912993,0.07883137265512816,0.11978449147601694,-0.050907167177919266
17,pair_17_grapes-1913__landscape-with-house-at-ceret-1913,grapes-1913,landscape-with-house-at-ceret-1913,min-LSOT-Mix,100,50,50,1,0.18925223353744117,0.9568155968009213,5.673059999935504,0.14182015954460978,0.3037521270234668,0.05266826472086397,0.14655901510685135,0.0935613296213115,0.22483680499864586,0.03667590675827702,0.05645895841043373,0.044905416692714716,0.08288624340132725,-0.15719311191661547
17,pair_17_grapes-1913__landscape-with-house-at-ceret-1913,grapes-1913,landscape-with-house-at-ceret-1913,min-LSOT-SMix,100,50,50,1,0.15821443297987148,0.6358933488242126,5.009216999496857,0.14182015954460978,0.3037521270234668,0.04099827775491398,0.13035241272242898,0.0863705810283795,0.21778054909872202,0.02500591979232702,0.04025235602601136,0.03771466809978271,0.0758299875014034,-0.17339971430103784
17,pair_17_grapes-1913__landscape-with-house-at-ceret-1913,grapes-1913,landscape-with-house-at-ceret-1913,min-LSOT-B,100,50,50,1,0.14169698086234198,0.46510747581838763,12.173260000054142,0.14182015954460978,0.3037521270234668,0.05331255761395307,0.16325680383483285,0.0804156914267997,0.21365083935957277,0.03732019965136611,0.07315674713841523,0.03175977849820292,0.07170027776225416,-0.14049532318863397
17,pair_17_grapes-1913__landscape-with-house-at-ceret-1913,grapes-1913,landscape-with-house-at-ceret-1913,min-LSOT-B1D,100,50,50,1,0.1481116188517238,0.5314330532281293,5.395442999542865,0.14182015954460978,0.3037521270234668,0.04426598780387218,0.15465194505407318,0.07879503071065365,0.21110809527017593,0.02827362984128522,0.06455188835765556,0.030139117782056864,0.06915753367285732,-0.14910018196939365
17,pair_17_grapes-1913__landscape-with-house-at-ceret-1913,grapes-1913,landscape-with-house-at-ceret-1913,min-opt-LSOT-Mix,100,50,50,1,0.1431865945773009,0.4805096684168888,38.23651799939398,0.14182015954460978,0.3037521270234668,0.047352540663044174,0.12685477078623206,0.08050038091991905,0.20402267149086367,0.03136018270045722,0.03675471408981444,0.03184446799132227,0.06207210989354506,-0.17689735623723477
17,pair_17_grapes-1913__landscape-with-house-at-ceret-1913,grapes-1913,landscape-with-house-at-ceret-1913,min-opt-LSOT-SMix,100,50,50,1,0.14136504711150416,0.4616753729121064,32.07981000014115,0.14182015954460978,0.3037521270234668,0.04004234159560627,0.12858888761716575,0.07470266597715704,0.19447327529201125,0.02404998363301931,0.03848883092074813,0.026046753048560252,0.052522713694692635,-0.17516323940630107
17,pair_17_grapes-1913__landscape-with-house-at-ceret-1913,grapes-1913,landscape-with-house-at-ceret-1913,min-opt-LSOT-B,100,50,50,1,0.129989630438332,0.34405672001642607,53.5837179995724,0.14182015954460978,0.3037521270234668,0.046791319784099075,0.14806314567642687,0.07377651110061946,0.1954910428119975,0.03079896182151212,0.05796308898000925,0.025120598172022675,0.05354048121467889,-0.15568898134703996
17,pair_17_grapes-1913__landscape-with-house-at-ceret-1913,grapes-1913,landscape-with-house-at-ceret-1913,min-opt-LSOT-B1D,100,50,50,1,0.1341618524423563,0.38719633817673443,32.35551299985673,0.14182015954460978,0.3037521270234668,0.04554826460436378,0.15071010911752417,0.07245579471198133,0.19575707935730308,0.029555906641776823,0.06061005242110655,0.02379988178338454,0.05380651775998446,-0.15304201790594266
18,pair_18_the-seine-at-vetheuil-2__cheerful-forms-1914,the-seine-at-vetheuil-2,cheerful-forms-1914,MW2,0,50,50,1,0.133861929680488,0.0,40.308665000338806,0.20012953952954204,0.37467931309133257,0.015168376421863961,0.06872147754265545,0.02770087608100602,0.09384956531365148,0.0,0.0,0.0,0.0,-0.3059578355486771
18,pair_18_the-seine-at-vetheuil-2__cheerful-forms-1914,the-seine-at-vetheuil-2,cheerful-forms-1914,LSOT-Mix,100,50,50,1,0.259696729097824,0.940034255577282,4.949750999912794,0.20012953952954204,0.37467931309133257,0.1361456948385511,0.23640250070676888,0.1434933651772071,0.24664726224483258,0.12097731841668714,0.16768102316411343,0.11579248909620107,0.15279769693118112,-0.13827681238456369
18,pair_18_the-seine-at-vetheuil-2__cheerful-forms-1914,the-seine-at-vetheuil-2,cheerful-forms-1914,LSOT-SMix,100,50,50,1,0.24505180897893475,0.83063108057566,5.231473000094411,0.20012953952954204,0.37467931309133257,0.12558137559840915,0.2193833832314198,0.130459572640142,0.2285281874529965,0.11041299917654519,0.15066190568876434,0.10275869655913597,0.134678622139345,-0.15529592985991278
18,pair_18_the-seine-at-vetheuil-2__cheerful-forms-1914,the-seine-at-vetheuil-2,cheerful-forms-1914,LSOT-B,100,50,50,1,0.19015044310345147,0.4204968026183192,13.081132000479556,0.20012953952954204,0.37467931309133257,0.07633700067500718,0.15198462754665018,0.07907291073172988,0.1571248713186129,0.06116862425314322,0.08326315000399473,0.05137203465072386,0.06327530600496144,-0.22269468554468239
18,pair_18_the-seine-at-vetheuil-2__cheerful-forms-1914,the-seine-at-vetheuil-2,cheerful-forms-1914,LSOT-B1D,100,50,50,1,0.19768717535648428,0.4767990856574332,7.472055000107503,0.20012953952954204,0.37467931309133257,0.08330931429183198,0.16126065809761098,0.08607443032141393,0.1665084527060373,0.06814093786996803,0.09253918055495552,0.05837355424040791,0.07265888739238584,-0.2134186549937216
18,pair_18_the-seine-at-vetheuil-2__cheerful-forms-1914,the-seine-at-vetheuil-2,cheerful-forms-1914,min-LSOT-Mix,100,50,50,1,0.1738867645882559,0.29900088100703665,7.064978999551386,0.20012953952954204,0.37467931309133257,0.04308790854941154,0.10818611737583395,0.05938284233469399,0.14649786957981095,0.027919532127547577,0.039464639833178494,0.03168196625368797,0.052648304266159476,-0.2664931957154986
18,pair_18_the-seine-at-vetheuil-2__cheerful-forms-1914,the-seine-at-vetheuil-2,cheerful-forms-1914,min-LSOT-SMix,100,50,50,1,0.16290014466632088,0.21692661278037417,5.649925999932748,0.20012953952954204,0.37467931309133257,0.03676006515705535,0.1057604210410298,0.05144633659698485,0.1438923913379883,0.021591688735191388,0.037038943498374347,0.023745460515978832,0.05004282602433684,-0.2689188920503028
18,pair_18_the-seine-at-vetheuil-2__cheerful-forms-1914,the-seine-at-vetheuil-2,cheerful-forms-1914,min-LSOT-B,100,50,50,1,0.1496748067720933,0.11812826192890472,13.804849999360158,0.20012953952954204,0.37467931309133257,0.036840151748582406,0.10557275929775434,0.046376749249788234,0.1271193448128074,0.021671775326718445,0.036851281755098886,0.018675873168782213,0.033269779499155924,-0.26910655379357823
18,pair_18_the-seine-at-vetheuil-2__cheerful-forms-1914,the-seine-at-vetheuil-2,cheerful-forms-1914,min-LSOT-B1D,100,50,50,1,0.15486521581423815,0.15690260990471622,5.5860020002000965,0.20012953952954204,0.37467931309133257,0.03822522200527702,0.11028888448557563,0.04882520884226076,0.13120240988584544,0.023056845583413057,0.041567406942920174,0.021124332761254742,0.03735284457219397,-0.26439042860575696
18,pair_18_the-seine-at-vetheuil-2__cheerful-forms-1914,the-seine-at-vetheuil-2,cheerful-forms-1914,min-opt-LSOT-Mix,100,50,50,1,0.1520751315184279,0.13605960919144505,35.77331799988315,0.20012953952954204,0.37467931309133257,0.03497510737773596,0.11284840331082907,0.04820963257387781,0.1352373687522374,0.019806730955871998,0.04412692576817362,0.020508756492871788,0.04138780343858593,-0.2618309097805035
18,pair_18_the-seine-at-vetheuil-2__cheerful-forms-1914,the-seine-at-vetheuil-2,cheerful-forms-1914,min-opt-LSOT-SMix,100,50,50,1,0.15239627566818997,0.13845867926707164,32.52838599928509,0.20012953952954204,0.37467931309133257,0.03202690111908073,0.10096561755236405,0.04583775194676012,0.12835187981572338,0.016858524697216767,0.0322441400097086,0.018136875865754097,0.034502314502071904,-0.2737136955389685
18,pair_18_the-seine-at-vetheuil-2__cheerful-forms-1914,the-seine-at-vetheuil-2,cheerful-forms-1914,min-opt-LSOT-B,100,50,50,1,0.14776611062463726,0.10386956902038429,52.13915999956953,0.20012953952954204,0.37467931309133257,0.03676088828863361,0.1053529136811142,0.04540833541271952,0.12544614487089828,0.021592511866769647,0.03663143613845875,0.0177074593317135,0.031596579557246804,-0.26932639941021835
18,pair_18_the-seine-at-vetheuil-2__cheerful-forms-1914,the-seine-at-vetheuil-2,cheerful-forms-1914,min-opt-LSOT-B1D,100,50,50,1,0.15022126832408716,0.12221053949130205,29.306366000128037,0.20012953952954204,0.37467931309133257,0.03491263825439781,0.10323997816958926,0.045774531239928494,0.12602735187717137,0.01974426183253385,0.034518500626933804,0.018073655158922473,0.0321777865635199,-0.2714393349217433
